HARGA,LT,LB,KT,KM,GARASI,KOTA
28000000000,1100,700,5,6,ADA,JAKSEL
19000000000,824,800,4,4,ADA,JAKSEL
4700000000,500,400,4,3,ADA,JAKSEL
4900000000,251,300,5,4,ADA,JAKSEL
28000000000,1340,575,4,5,ADA,JAKSEL
10000000000,460,300,4,4,ADA,JAKSEL
7600000000,278,350,4,4,ADA,JAKSEL
5250000000,511,300,3,2,ADA,JAKSEL
670000000,70,69,3,2,TIDAK ADA,JAKSEL
480000000,66,42,2,1,TIDAK ADA,JAKSEL
10700000000,449,500,6,7,ADA,JAKSEL
4200000000,109,188,2,3,ADA,JAKSEL
8500000000,320,250,4,4,ADA,JAKSEL
7000000000,384,400,4,4,ADA,JAKSEL
20000000000,462,645,5,6,ADA,JAKSEL
9500000000,212,300,4,4,ADA,JAKSEL
13400000000,342,450,5,4,ADA,JAKSEL
11000000000,410,700,4,4,ADA,JAKSEL
5800000000,144,285,4,3,ADA,JAKSEL
35000000000,985,400,4,3,ADA,JAKSEL
14000000000,780,500,3,4,ADA,JAKSEL
5000000000,217,450,4,4,ADA,JAKSEL
40000000000,1500,700,4,4,ADA,JAKSEL
7250000000,210,300,4,3,ADA,JAKSEL
5200000000,110,200,3,3,ADA,JAKSEL
25000000000,760,650,4,4,ADA,JAKSEL
5680000000,151,245,3,3,ADA,JAKSEL
10500000000,220,350,4,3,ADA,JAKSEL
7050000000,128,315,3,3,ADA,JAKSEL
9300000000,235,270,3,3,TIDAK ADA,JAKSEL
6500000000,100,250,4,3,ADA,JAKSEL
68000000000,470,1000,5,5,ADA,JAKSEL
3000000000,75,150,4,2,ADA,JAKSEL
85000000000,770,500,4,4,ADA,JAKSEL
19500000000,610,1000,6,5,ADA,JAKSEL
20900000000,754,500,4,4,ADA,JAKSEL
15500000000,440,350,4,3,ADA,JAKSEL
14000000000,410,800,4,4,ADA,JAKSEL
39000000000,973,1100,4,3,ADA,JAKSEL
8000000000,251,320,4,4,ADA,JAKSEL
20000000000,780,600,4,4,ADA,JAKSEL
17500000000,954,600,4,3,ADA,JAKSEL
34000000000,1186,900,6,5,ADA,JAKSEL
7500000000,186,380,4,4,ADA,JAKSEL
18500000000,358,500,4,5,ADA,JAKSEL
5000000000,217,200,4,3,ADA,JAKSEL
16000000000,535,600,4,4,ADA,JAKSEL
13000000000,330,500,3,3,ADA,JAKSEL
8000000000,250,320,4,3,ADA,JAKSEL
17500000000,477,530,4,4,ADA,JAKSEL
10500000000,282,450,4,4,ADA,JAKSEL
35500000000,1312,850,5,4,ADA,JAKSEL
16000000000,860,500,4,4,ADA,JAKSEL
11700000000,246,347,4,3,ADA,JAKSEL
18500000000,443,450,4,3,ADA,JAKSEL
17500000000,389,400,4,3,ADA,JAKSEL
6500000000,300,450,4,3,ADA,JAKSEL
18500000000,433,600,4,4,ADA,JAKSEL
25000000000,987,400,4,3,ADA,JAKSEL
23000000000,817,500,6,4,ADA,JAKSEL
12990000000,876,428,5,4,ADA,JAKSEL
15000000000,887,300,3,2,ADA,JAKSEL
13000000000,384,425,5,4,ADA,JAKSEL
33000000000,458,400,4,4,ADA,JAKSEL
9500000000,200,235,3,3,ADA,JAKSEL
5750000000,144,285,4,4,ADA,JAKSEL
19000000000,358,600,4,5,TIDAK ADA,JAKSEL
19000000000,550,480,4,4,ADA,JAKSEL
21500000000,950,300,5,4,ADA,JAKSEL
5200000000,164,140,3,3,ADA,JAKSEL
14000000000,460,400,4,3,ADA,JAKSEL
55000000000,1487,1200,6,4,ADA,JAKSEL
6250000000,158,400,4,2,ADA,JAKSEL
29000000000,1186,800,9,8,ADA,JAKSEL
8000000000,323,317,5,4,ADA,JAKSEL
8500000000,502,250,4,4,ADA,JAKSEL
18000000000,916,147,5,7,ADA,JAKSEL
4500000000,109,188,2,3,ADA,JAKSEL
10000000000,395,450,5,5,ADA,JAKSEL
4250000000,152,275,3,3,ADA,JAKSEL
4500000000,138,250,5,4,TIDAK ADA,JAKSEL
2800000000,100,150,3,3,TIDAK ADA,JAKSEL
15000000000,2010,800,4,3,ADA,JAKSEL
7800000000,188,367,3,3,ADA,JAKSEL
21000000000,500,525,4,5,ADA,JAKSEL
38000000000,1229,800,4,4,ADA,JAKSEL
29950000000,1000,600,4,4,ADA,JAKSEL
7500000000,350,350,6,6,TIDAK ADA,JAKSEL
25000000000,987,400,4,3,TIDAK ADA,JAKSEL
36000000000,626,500,5,3,ADA,JAKSEL
20000000000,472,650,6,5,TIDAK ADA,JAKSEL
29000000000,1186,600,8,9,TIDAK ADA,JAKSEL
5500000000,234,115,2,2,ADA,JAKSEL
16590000000,405,495,4,4,ADA,JAKSEL
33500000000,1000,800,5,6,TIDAK ADA,JAKSEL
21000000000,802,904,4,3,ADA,JAKSEL
7720000000,125,298,4,4,ADA,JAKSEL
22000000000,1019,650,4,3,ADA,JAKSEL
18500000000,180,600,4,4,ADA,JAKSEL
16500000000,933,600,5,5,ADA,JAKSEL
11980000000,241,572,4,5,ADA,JAKSEL
8500000000,250,250,4,4,ADA,JAKSEL
7700000000,190,350,3,2,ADA,JAKSEL
4200000000,270,300,4,4,ADA,JAKSEL
15700000000,860,325,5,4,ADA,JAKSEL
17000000000,916,147,5,7,ADA,JAKSEL
8000000000,323,317,5,4,ADA,JAKSEL
9550000000,251,288,3,3,ADA,JAKSEL
7600000000,278,350,4,4,ADA,JAKSEL
10200000000,320,360,6,4,ADA,JAKSEL
5900000000,240,350,4,4,ADA,JAKSEL
6000000000,178,309,4,3,ADA,JAKSEL
10800000000,438,540,6,5,ADA,JAKSEL
55000000000,1500,1200,7,6,ADA,JAKSEL
14000000000,714,750,5,3,TIDAK ADA,JAKSEL
6900000000,358,450,4,3,ADA,JAKSEL
55000000000,1497,1200,5,5,ADA,JAKSEL
17500000000,1056,600,5,5,ADA,JAKSEL
3500000000,100,156,5,4,ADA,JAKSEL
15500000000,340,500,4,4,ADA,JAKSEL
6900000000,188,350,3,3,TIDAK ADA,JAKSEL
16000000000,407,575,5,4,ADA,JAKSEL
11900000000,241,571,4,5,ADA,JAKSEL
7500000000,188,351,3,3,ADA,JAKSEL
40000000000,1500,700,4,4,ADA,JAKSEL
12500000000,371,300,4,4,TIDAK ADA,JAKSEL
11000000000,438,540,8,4,TIDAK ADA,JAKSEL
55000000000,1500,1200,6,6,ADA,JAKSEL
12000000000,512,350,3,4,TIDAK ADA,JAKSEL
6500000000,230,400,4,4,ADA,JAKSEL
13940000000,539,610,4,4,TIDAK ADA,JAKSEL
5700000000,168,170,3,3,TIDAK ADA,JAKSEL
8000000000,350,350,10,5,TIDAK ADA,JAKSEL
6900000000,128,315,3,3,TIDAK ADA,JAKSEL
8000000000,190,420,4,4,ADA,JAKSEL
5500000000,107,311,4,3,ADA,JAKSEL
10700000000,400,300,4,3,ADA,JAKSEL
21000000000,1042,552,5,4,ADA,JAKSEL
6500000000,200,300,4,4,ADA,JAKSEL
16000000000,447,500,4,4,ADA,JAKSEL
13500000000,385,525,5,4,ADA,JAKSEL
15750000000,1060,375,3,2,ADA,JAKSEL
23000000000,558,553,8,6,ADA,JAKSEL
21000000000,1042,550,7,6,ADA,JAKSEL
19300000000,1287,700,5,3,ADA,JAKSEL
4300000000,124,187,3,3,ADA,JAKSEL
20000000000,550,650,4,4,ADA,JAKSEL
9550000000,251,288,4,4,TIDAK ADA,JAKSEL
22000000000,455,570,4,5,ADA,JAKSEL
23000000000,650,600,5,5,ADA,JAKSEL
55000000000,1500,1000,5,6,ADA,JAKSEL
17500000000,430,820,5,6,ADA,JAKSEL
8000000000,299,400,4,4,ADA,JAKSEL
4600000000,109,180,2,3,ADA,JAKSEL
15000000000,714,750,5,5,ADA,JAKSEL
18000000000,600,400,6,6,ADA,JAKSEL
1370000000,425,216,4,4,TIDAK ADA,JAKSEL
21000000000,1100,700,5,4,TIDAK ADA,JAKSEL
12000000000,315,609,5,4,ADA,JAKSEL
24300000000,1944,1944,5,4,ADA,JAKSEL
8000000000,380,450,5,5,ADA,JAKSEL
18900000000,470,660,4,4,TIDAK ADA,JAKSEL
3200000000,78,65,3,2,ADA,JAKSEL
21900000000,377,260,6,5,ADA,JAKSEL
5600000000,269,300,4,4,ADA,JAKSEL
5000000000,176,400,5,2,ADA,JAKSEL
15000000000,714,750,5,5,ADA,JAKSEL
4800000000,276,200,4,3,ADA,JAKSEL
17000000000,663,530,7,8,ADA,JAKSEL
7800000000,250,300,4,4,ADA,JAKSEL
15000000000,755,416,7,6,ADA,JAKSEL
13500000000,384,450,4,4,ADA,JAKSEL
26500000000,1047,500,5,3,ADA,JAKSEL
7500000000,170,300,4,3,ADA,JAKSEL
11900000000,239,568,4,4,ADA,JAKSEL
17500000000,477,520,4,3,ADA,JAKSEL
15500000000,633,530,5,3,ADA,JAKSEL
5500000000,188,314,4,4,ADA,JAKSEL
9900000000,741,411,5,5,ADA,JAKSEL
8650000000,225,518,4,4,ADA,JAKSEL
3650000000,78,185,3,3,ADA,JAKSEL
18500000000,660,600,5,4,ADA,JAKSEL
3600000000,164,150,4,4,ADA,JAKSEL
3400000000,95,156,4,3,ADA,JAKSEL
18000000000,786,1000,6,7,ADA,JAKSEL
17900000000,450,400,4,3,ADA,JAKSEL
4500000000,124,184,3,3,TIDAK ADA,JAKSEL
4500000000,300,235,4,4,ADA,JAKSEL
18000000000,600,500,6,6,ADA,JAKSEL
15000000000,741,750,5,5,ADA,JAKSEL
8000000000,380,450,5,5,ADA,JAKSEL
18900000000,470,660,4,4,TIDAK ADA,JAKSEL
21900000000,377,260,6,5,ADA,JAKSEL
5600000000,269,300,4,4,ADA,JAKSEL
4000000000,117,221,4,3,ADA,JAKSEL
20980000000,959,455,6,5,ADA,JAKSEL
3400000000,95,156,4,3,ADA,JAKSEL
25000000000,1100,550,5,4,ADA,JAKSEL
11500000000,400,416,5,3,ADA,JAKSEL
11510000000,233,544,7,7,TIDAK ADA,JAKSEL
3600000000,78,185,4,4,TIDAK ADA,JAKSEL
15000000000,250,460,4,4,ADA,JAKSEL
17500000000,518,450,5,7,ADA,JAKSEL
4000000000,117,221,4,3,ADA,JAKSEL
8000000000,350,350,2,1,TIDAK ADA,JAKSEL
20000000000,550,600,5,5,ADA,JAKSEL
30000000000,555,527,8,6,ADA,JAKSEL
27000000000,670,650,4,4,ADA,JAKSEL
20000000000,1040,600,4,3,ADA,JAKSEL
15750000000,598,243,4,4,ADA,JAKSEL
34500000000,974,800,5,6,ADA,JAKSEL
4300000000,124,184,3,3,ADA,JAKSEL
8500000000,230,310,5,3,TIDAK ADA,JAKSEL
9500000000,225,400,3,3,ADA,JAKSEL
19000000000,520,500,5,5,ADA,JAKSEL
13000000000,208,458,4,3,ADA,JAKSEL
11900000000,239,568,4,4,ADA,JAKSEL
13000000000,616,600,5,4,ADA,JAKSEL
20000000000,890,600,5,5,ADA,JAKSEL
7500000000,186,380,3,3,ADA,JAKSEL
6150000000,158,400,3,3,ADA,JAKSEL
10500000000,500,700,4,4,ADA,JAKSEL
13500000000,384,450,4,4,ADA,JAKSEL
55000000000,1475,1200,5,6,ADA,JAKSEL
19000000000,358,635,4,5,ADA,JAKSEL
13900000000,450,248,4,4,ADA,JAKSEL
29500000000,923,429,9,5,TIDAK ADA,JAKSEL
22000000000,455,570,4,5,ADA,JAKSEL
60000000000,1500,1200,6,6,ADA,JAKSEL
13000000000,314,450,4,4,ADA,JAKSEL
16000000000,895,420,5,5,ADA,JAKSEL
18000000000,968,600,4,3,ADA,JAKSEL
30000000000,1000,800,5,6,ADA,JAKSEL
47000000000,1375,1400,5,5,ADA,JAKSEL
6000000000,206,300,4,4,ADA,JAKSEL
9550000000,251,288,4,5,TIDAK ADA,JAKSEL
32000000000,973,1100,5,5,ADA,JAKSEL
19000000000,435,650,4,4,ADA,JAKSEL
55000000000,1500,1200,6,6,ADA,JAKSEL
17000000000,624,557,6,5,TIDAK ADA,JAKSEL
19000000000,870,700,6,4,ADA,JAKSEL
14700000000,474,455,4,5,ADA,JAKSEL
13800000000,260,360,6,5,ADA,JAKSEL
15000000000,450,400,4,3,TIDAK ADA,JAKSEL
10000000000,160,250,3,4,ADA,JAKSEL
6250000000,150,440,3,2,ADA,JAKSEL
7800000000,200,390,4,4,ADA,JAKSEL
6800000000,137,285,4,3,ADA,JAKSEL
15000000000,398,500,5,4,ADA,JAKSEL
19000000000,916,1000,5,7,TIDAK ADA,JAKSEL
6750000000,217,193,4,4,TIDAK ADA,JAKSEL
28000000000,330,300,3,3,ADA,JAKSEL
17000000000,921,310,3,3,ADA,JAKSEL
11900000000,260,365,4,4,ADA,JAKSEL
9530000000,150,523,3,3,TIDAK ADA,JAKSEL
10400000000,282,280,4,3,ADA,JAKSEL
6500000000,138,290,4,3,ADA,JAKSEL
15000000000,658,500,3,3,ADA,JAKSEL
6000000000,200,272,4,4,ADA,JAKSEL
6900000000,137,315,3,2,ADA,JAKSEL
16000000000,521,470,7,6,ADA,JAKSEL
19000000000,400,788,4,3,ADA,JAKSEL
25000000000,865,450,4,4,ADA,JAKSEL
15500000000,1100,600,4,4,ADA,JAKSEL
12600000000,540,800,5,4,TIDAK ADA,JAKSEL
7900000000,228,465,4,4,ADA,JAKSEL
20000000000,462,645,5,5,ADA,JAKSEL
5000000000,143,200,3,3,ADA,JAKSEL
18000000000,1900,650,6,6,ADA,JAKSEL
1100000000,90,180,3,3,ADA,JAKSEL
6500000000,427,300,4,4,ADA,JAKSEL
17000000000,407,850,6,5,ADA,JAKSEL
6500000000,217,195,4,3,ADA,JAKSEL
8500000000,307,400,4,5,ADA,JAKSEL
13500000000,429,600,5,4,ADA,JAKSEL
850000000,76,60,2,2,TIDAK ADA,JAKSEL
14000000000,460,500,5,4,ADA,JAKSEL
11200000000,371,250,6,3,ADA,JAKSEL
7700000000,200,373,4,3,ADA,JAKSEL
10000000000,388,343,4,4,ADA,JAKSEL
13500000000,282,380,4,4,ADA,JAKSEL
13000000000,410,800,4,4,TIDAK ADA,JAKSEL
27000000000,660,800,5,4,ADA,JAKSEL
19000000000,435,650,4,4,ADA,JAKSEL
7000000000,384,400,4,4,ADA,JAKSEL
27500000000,1068,300,5,3,ADA,JAKSEL
17000000000,465,640,3,4,TIDAK ADA,JAKSEL
10000000000,475,600,5,5,TIDAK ADA,JAKSEL
6800000000,210,275,3,2,ADA,JAKSEL
21000000000,754,500,4,4,ADA,JAKSEL
25000000000,1340,600,8,5,ADA,JAKSEL
16000000000,521,471,5,5,ADA,JAKSEL
6000000000,329,500,5,3,TIDAK ADA,JAKSEL
21000000000,1018,600,4,4,TIDAK ADA,JAKSEL
33000000000,1100,450,4,4,ADA,JAKSEL
2790000000,180,250,3,3,ADA,JAKSEL
8500000000,307,400,7,6,TIDAK ADA,JAKSEL
1930000000,111,135,3,3,TIDAK ADA,JAKSEL
14000000000,410,800,4,4,ADA,JAKSEL
12750000000,500,400,4,3,TIDAK ADA,JAKSEL
5000000000,188,260,4,3,ADA,JAKSEL
25000000000,1040,600,4,3,TIDAK ADA,JAKSEL
25000000000,1000,600,9,5,ADA,JAKSEL
85500000000,1500,1300,5,5,ADA,JAKSEL
5400000000,165,297,3,3,ADA,JAKSEL
14000000000,380,350,6,4,ADA,JAKSEL
5600000000,151,254,4,3,ADA,JAKSEL
38000000000,1390,750,6,4,TIDAK ADA,JAKSEL
30000000000,557,400,4,3,TIDAK ADA,JAKSEL
17500000000,518,450,5,7,ADA,JAKSEL
39500000000,1960,900,5,4,ADA,JAKSEL
15000000000,395,460,4,4,ADA,JAKSEL
13000000000,235,623,5,5,TIDAK ADA,JAKSEL
8500000000,434,380,5,2,TIDAK ADA,JAKSEL
45000000000,836,600,4,4,ADA,JAKSEL
10000000000,230,350,3,2,ADA,JAKSEL
20000000000,425,500,5,4,ADA,JAKSEL
5800000000,144,285,4,3,ADA,JAKSEL
20900000000,754,500,4,4,ADA,JAKSEL
24000000000,832,650,4,1,TIDAK ADA,JAKSEL
23000000000,800,400,4,4,ADA,JAKSEL
9000000000,256,245,4,4,TIDAK ADA,JAKSEL
1350000000,72,150,3,3,TIDAK ADA,JAKSEL
23000000000,800,500,5,4,TIDAK ADA,JAKSEL
14000000000,464,350,4,3,ADA,JAKSEL
15000000000,733,140,2,2,TIDAK ADA,JAKSEL
6500000000,500,400,17,18,ADA,JAKSEL
6800000000,376,352,5,5,TIDAK ADA,JAKSEL
10500000000,320,360,6,4,ADA,JAKSEL
20000000000,442,600,3,4,ADA,JAKSEL
16000000000,895,420,5,4,ADA,JAKSEL
15000000000,400,500,4,4,TIDAK ADA,JAKSEL
9000000000,240,380,3,3,ADA,JAKSEL
33000000000,1750,700,6,6,ADA,JAKSEL
6200000000,450,550,4,4,ADA,JAKSEL
40000000000,600,500,8,5,ADA,JAKSEL
14500000000,240,450,4,4,ADA,JAKSEL
25000000000,900,600,4,3,TIDAK ADA,JAKSEL
6200000000,376,352,4,2,ADA,JAKSEL
38000000000,2880,1000,7,6,ADA,JAKSEL
9000000000,350,650,4,3,ADA,JAKSEL
7000000000,251,325,3,3,TIDAK ADA,JAKSEL
9900000000,452,200,3,2,ADA,JAKSEL
15000000000,291,400,4,4,ADA,JAKSEL
16000000000,445,1200,6,6,ADA,JAKSEL
9000000000,300,300,4,3,ADA,JAKSEL
25000000000,700,500,4,4,ADA,JAKSEL
10000000000,468,410,4,3,ADA,JAKSEL
9500000000,350,430,4,4,TIDAK ADA,JAKSEL
30000000000,778,320,3,2,TIDAK ADA,JAKSEL
15000000000,923,900,5,4,TIDAK ADA,JAKSEL
20000000000,1050,650,4,4,ADA,JAKSEL
15000000000,530,633,4,3,TIDAK ADA,JAKSEL
5900000000,188,314,4,4,TIDAK ADA,JAKSEL
185000000000,6790,10000,5,5,ADA,JAKSEL
17800000000,430,500,4,4,ADA,JAKSEL
11500000000,375,400,5,4,ADA,JAKSEL
12000000000,340,600,11,11,ADA,JAKSEL
50000000000,325,500,3,3,ADA,JAKSEL
7900000000,266,475,4,4,ADA,JAKSEL
7000000000,250,280,3,3,ADA,JAKSEL
7000000000,230,400,4,4,ADA,JAKSEL
20000000000,600,890,6,6,ADA,JAKSEL
11000000000,575,210,4,3,ADA,JAKSEL
22000000000,1860,400,4,4,ADA,JAKSEL
20000000000,610,1000,6,6,TIDAK ADA,JAKSEL
16000000000,835,600,5,5,TIDAK ADA,JAKSEL
8750000000,158,400,3,3,ADA,JAKSEL
39000000000,1900,1000,6,5,TIDAK ADA,JAKSEL
10500000000,424,313,7,4,ADA,JAKSEL
14000000000,651,350,5,3,ADA,JAKSEL
11000000000,400,225,4,3,ADA,JAKSEL
24000000000,354,350,3,3,ADA,JAKSEL
14500000000,600,500,5,4,ADA,JAKSEL
8500000000,200,400,4,4,ADA,JAKSEL
9900000000,611,500,7,4,ADA,JAKSEL
21000000000,557,882,5,4,ADA,JAKSEL
6000000000,144,250,4,3,ADA,JAKSEL
14000000000,661,800,4,4,TIDAK ADA,JAKSEL
12900000000,539,610,4,4,ADA,JAKSEL
17640000000,503,541,4,3,ADA,JAKSEL
12000000000,600,500,4,4,ADA,JAKSEL
10000000000,237,250,4,3,ADA,JAKSEL
3790000000,248,248,4,2,TIDAK ADA,JAKSEL
9000000000,600,400,4,3,TIDAK ADA,JAKSEL
250000000000,6000,1500,5,5,ADA,JAKSEL
9500000000,274,258,3,3,ADA,JAKSEL
17500000000,518,450,5,7,ADA,JAKSEL
8250000000,159,278,3,3,ADA,JAKSEL
4300000000,123,190,3,3,TIDAK ADA,JAKSEL
4300000000,152,230,4,2,TIDAK ADA,JAKSEL
5620000000,122,311,3,3,ADA,JAKSEL
3250000000,240,200,3,3,ADA,JAKSEL
6500000000,144,285,4,3,ADA,JAKSEL
25000000000,1020,800,5,3,ADA,JAKSEL
23000000000,752,400,4,3,ADA,JAKSEL
17700000000,860,750,5,4,ADA,JAKSEL
7700000000,190,300,3,2,ADA,JAKSEL
16000000000,465,640,4,4,ADA,JAKSEL
6000000000,200,272,4,4,ADA,JAKSEL
15000000000,500,765,4,4,ADA,JAKSEL
25000000000,685,450,4,4,ADA,JAKSEL
20000000000,910,450,5,4,ADA,JAKSEL
15000000000,580,220,4,3,TIDAK ADA,JAKSEL
8500000000,246,221,3,3,ADA,JAKSEL
4000000000,125,125,3,3,ADA,JAKSEL
11500000000,400,300,3,3,ADA,JAKSEL
27500000000,1010,605,6,6,ADA,JAKSEL
6000000000,182,500,4,3,ADA,JAKSEL
17500000000,477,550,4,4,ADA,JAKSEL
17000000000,300,475,5,4,ADA,JAKSEL
7500000000,259,410,4,3,ADA,JAKSEL
28000000000,572,450,8,7,ADA,JAKSEL
7000000000,349,349,9,5,ADA,JAKSEL
9000000000,200,480,4,3,ADA,JAKSEL
39000000000,973,1100,4,4,ADA,JAKSEL
42000000000,2131,1600,5,5,ADA,JAKSEL
4000000000,219,103,4,2,ADA,JAKSEL
9000000000,490,350,4,3,ADA,JAKSEL
25000000000,1000,800,4,3,ADA,JAKSEL
3800000000,153,180,4,3,TIDAK ADA,JAKSEL
15000000000,506,400,3,3,TIDAK ADA,JAKSEL
17000000000,465,640,4,4,ADA,JAKSEL
7300000000,278,350,4,4,ADA,JAKSEL
8500000000,250,400,4,4,ADA,JAKSEL
55000000000,2641,1000,4,3,ADA,JAKSEL
17000000000,851,450,4,3,ADA,JAKSEL
17000000000,392,327,4,4,ADA,JAKSEL
10000000000,402,236,3,3,ADA,JAKSEL
12000000000,254,370,4,4,ADA,JAKSEL
10500000000,380,300,3,3,ADA,JAKSEL
17500000000,417,560,4,4,ADA,JAKSEL
5250000000,135,250,3,4,ADA,JAKSEL
13500000000,565,380,3,3,ADA,JAKSEL
10500000000,220,350,4,3,ADA,JAKSEL
17000000000,440,350,4,4,ADA,JAKSEL
7900000000,356,450,4,3,ADA,JAKSEL
18600000000,474,455,4,4,TIDAK ADA,JAKSEL
35000000000,1200,900,6,6,ADA,JAKSEL
25000000000,670,650,3,3,TIDAK ADA,JAKSEL
22000000000,754,500,4,4,ADA,JAKSEL
68000000000,2595,1000,5,5,ADA,JAKSEL
6500000000,266,350,4,4,ADA,JAKSEL
2500000000,200,120,3,3,ADA,JAKSEL
22000000000,754,500,4,4,ADA,JAKSEL
22000000000,888,450,4,3,ADA,JAKSEL
5100000000,120,210,4,3,TIDAK ADA,JAKSEL
9200000000,231,389,3,3,ADA,JAKSEL
36000000000,1200,850,5,4,TIDAK ADA,JAKSEL
7900000000,205,357,4,4,TIDAK ADA,JAKSEL
5800000000,250,350,4,4,ADA,JAKSEL
11000000000,230,350,4,4,ADA,JAKSEL
4900000000,340,210,3,2,ADA,JAKSEL
23000000000,806,700,4,4,ADA,JAKSEL
17000000000,440,350,4,4,ADA,JAKSEL
8200000000,188,330,3,3,ADA,JAKSEL
9500000000,251,295,4,4,ADA,JAKSEL
6500000000,266,350,4,3,ADA,JAKSEL
27000000000,900,400,4,3,ADA,JAKSEL
16500000000,600,400,7,4,ADA,JAKSEL
35000000000,2000,800,4,4,TIDAK ADA,JAKSEL
6200000000,142,311,3,2,ADA,JAKSEL
15000000000,912,484,6,3,ADA,JAKSEL
9500000000,251,295,4,4,ADA,JAKSEL
23000000000,806,700,4,4,ADA,JAKSEL
7370000000,211,465,4,4,ADA,JAKSEL
19500000000,850,750,3,2,ADA,JAKSEL
5800000000,122,289,3,3,ADA,JAKSEL
33000000000,1100,800,5,5,ADA,JAKSEL
22500000000,500,536,5,5,ADA,JAKSEL
4200000000,110,165,4,3,ADA,JAKSEL
16950000000,387,250,1,1,ADA,JAKSEL
13000000000,616,650,4,4,ADA,JAKSEL
18000000000,670,385,4,4,ADA,JAKSEL
7000000000,140,215,4,4,ADA,JAKSEL
5000000000,234,350,4,4,ADA,JAKSEL
38500000000,1420,550,8,5,ADA,JAKSEL
15000000000,395,420,4,4,ADA,JAKSEL
13500000000,230,400,3,2,ADA,JAKSEL
13000000000,372,450,4,4,ADA,JAKSEL
8500000000,250,400,4,4,ADA,JAKSEL
17000000000,786,1000,6,7,TIDAK ADA,JAKSEL
43000000000,1350,750,5,5,ADA,JAKSEL
13000000000,235,623,4,4,TIDAK ADA,JAKSEL
22000000000,1000,800,5,4,TIDAK ADA,JAKSEL
9950000000,212,300,4,3,ADA,JAKSEL
12500000000,512,350,3,3,ADA,JAKSEL
16000000000,578,500,5,4,ADA,JAKSEL
22600000000,754,500,4,4,ADA,JAKSEL
75000000000,1830,1000,5,4,ADA,JAKSEL
30000000000,1100,500,4,4,ADA,JAKSEL
20000000000,897,450,4,4,ADA,JAKSEL
15000000000,733,140,2,2,ADA,JAKSEL
19000000000,435,500,4,4,ADA,JAKSEL
8700000000,229,327,4,3,ADA,JAKSEL
25000000000,670,671,4,4,TIDAK ADA,JAKSEL
19000000000,520,600,4,4,TIDAK ADA,JAKSEL
35000000000,900,800,7,5,ADA,JAKSEL
18000000000,677,450,4,3,TIDAK ADA,JAKSEL
15000000000,415,150,3,2,ADA,JAKSEL
9500000000,350,460,6,5,ADA,JAKSEL
25500000000,1020,816,5,3,TIDAK ADA,JAKSEL
16000000000,1095,450,3,4,ADA,JAKSEL
15000000000,940,320,2,2,ADA,JAKSEL
22000000000,824,600,7,4,ADA,JAKSEL
6900000000,243,260,4,4,ADA,JAKSEL
20000000000,429,499,4,4,ADA,JAKSEL
45000000000,1466,900,9,9,ADA,JAKSEL
60000000000,2360,542,6,8,ADA,JAKSEL
10800000000,472,650,6,3,ADA,JAKSEL
56000000000,1470,2000,7,7,ADA,JAKSEL
14400000000,474,455,3,4,ADA,JAKSEL
60000000000,2630,542,6,8,TIDAK ADA,JAKSEL
9500000000,278,400,3,2,ADA,JAKSEL
19000000000,430,500,4,5,ADA,JAKSEL
40000000000,973,1100,4,4,ADA,JAKSEL
175230000000,4574,4271,4,4,ADA,JAKSEL
19500000000,834,780,6,3,TIDAK ADA,JAKSEL
17000000000,392,450,4,4,ADA,JAKSEL
16000000000,1095,450,3,4,ADA,JAKSEL
13000000000,407,850,4,4,ADA,JAKSEL
21000000000,817,500,4,3,TIDAK ADA,JAKSEL
19000000000,800,500,5,4,ADA,JAKSEL
1880000000,90,135,3,3,ADA,JAKSEL
5100000000,140,250,3,2,TIDAK ADA,JAKSEL
12000000000,572,432,5,6,ADA,JAKSEL
8000000000,350,350,5,5,ADA,JAKSEL
17000000000,389,450,7,4,ADA,JAKSEL
49000000000,943,600,7,4,ADA,JAKSEL
6000000000,144,250,4,3,ADA,JAKSEL
12000000000,230,300,5,4,ADA,JAKSEL
17000000000,470,660,4,4,ADA,JAKSEL
10500000000,220,325,4,3,ADA,JAKSEL
950000000,50,80,3,2,TIDAK ADA,JAKSEL
9500000000,462,350,3,3,ADA,JAKSEL
19000000000,358,500,4,5,ADA,JAKSEL
25500000000,1020,816,4,4,ADA,JAKSEL
2800000000,70,125,3,3,TIDAK ADA,JAKSEL
18500000000,358,500,4,4,ADA,JAKSEL
22000000000,780,580,4,4,TIDAK ADA,JAKSEL
5500000000,150,210,4,4,ADA,JAKSEL
10500000000,500,700,4,4,ADA,JAKSEL
17000000000,465,640,4,5,ADA,JAKSEL
5680000000,151,245,3,3,ADA,JAKSEL
15000000000,400,800,4,4,TIDAK ADA,JAKSEL
13500000000,615,500,4,5,TIDAK ADA,JAKSEL
4800000000,200,260,5,7,TIDAK ADA,JAKSEL
14000000000,350,250,3,3,ADA,JAKSEL
19000000000,520,500,5,5,TIDAK ADA,JAKSEL
17000000000,389,450,4,4,ADA,JAKSEL
13500000000,1034,900,6,5,ADA,JAKSEL
8500000000,307,400,7,6,TIDAK ADA,JAKSEL
9500000000,458,300,5,4,ADA,JAKSEL
40000000000,1050,800,27,21,ADA,JAKSEL
18000000000,900,500,4,4,ADA,JAKSEL
6700000000,285,258,4,4,TIDAK ADA,JAKSEL
37500000000,680,1250,6,5,ADA,JAKSEL
26000000000,600,450,4,4,ADA,JAKSEL
15000000000,500,1000,5,5,ADA,JAKSEL
33000000000,585,900,7,6,ADA,JAKSEL
8500000000,250,300,4,4,ADA,JAKSEL
22000000000,900,1800,4,3,ADA,JAKSEL
7900000000,220,300,3,3,ADA,JAKSEL
11160000000,248,333,4,4,ADA,JAKSEL
19500000000,443,450,5,3,TIDAK ADA,JAKSEL
10000000000,475,600,5,5,TIDAK ADA,JAKSEL
1100000000,59,80,3,2,ADA,JAKSEL
7190000000,207,245,3,3,ADA,JAKSEL
9000000000,200,300,5,4,ADA,JAKSEL
5700000000,144,325,3,3,ADA,JAKSEL
36000000000,1300,850,5,4,TIDAK ADA,JAKSEL
17000000000,663,530,5,4,ADA,JAKSEL
23000000000,650,600,5,5,TIDAK ADA,JAKSEL
1140000000,60,60,3,2,TIDAK ADA,JAKSEL
12500000000,512,350,3,3,ADA,JAKSEL
16000000000,587,350,4,3,ADA,JAKSEL
5800000000,144,285,4,3,TIDAK ADA,JAKSEL
17000000000,536,900,7,2,ADA,JAKSEL
14000000000,464,360,4,3,TIDAK ADA,JAKSEL
17500000000,518,450,5,7,ADA,JAKSEL
26000000000,900,500,7,4,TIDAK ADA,JAKSEL
11500000000,547,500,4,3,ADA,JAKSEL
19000000000,800,500,5,3,TIDAK ADA,JAKSEL
19000000000,800,500,5,4,ADA,JAKSEL
3600000000,164,150,4,4,ADA,JAKSEL
5300000000,90,205,3,3,ADA,JAKSEL
11000000000,436,300,6,5,TIDAK ADA,JAKSEL
6620000000,135,225,5,4,TIDAK ADA,JAKSEL
5500000000,164,240,4,3,ADA,JAKSEL
19800000000,1039,430,5,4,TIDAK ADA,JAKSEL
40000000000,1752,712,3,4,TIDAK ADA,JAKSEL
10000000000,395,450,5,5,ADA,JAKSEL
6500000000,124,300,3,3,ADA,JAKSEL
6800000000,145,330,4,1,ADA,JAKSEL
9000000000,450,700,4,4,TIDAK ADA,JAKSEL
4500000000,240,355,4,3,ADA,JAKSEL
24500000000,876,600,8,5,TIDAK ADA,JAKSEL
5800000000,144,325,3,3,ADA,JAKSEL
10500000000,500,700,4,4,ADA,JAKSEL
15500000000,440,350,6,4,TIDAK ADA,JAKSEL
7000000000,272,310,5,3,ADA,JAKSEL
14500000000,600,643,5,5,ADA,JAKSEL
5500000000,150,210,4,4,ADA,JAKSEL
17000000000,670,800,5,5,ADA,JAKSEL
18500000000,443,450,5,5,ADA,JAKSEL
4400000000,236,158,6,4,TIDAK ADA,JAKSEL
14000000000,460,400,4,3,ADA,JAKSEL
19800000000,1039,430,5,3,ADA,JAKSEL
6800000000,253,380,4,3,ADA,JAKSEL
14000000000,460,400,4,4,TIDAK ADA,JAKSEL
9550000000,251,288,3,4,ADA,JAKSEL
4600000000,123,190,3,3,ADA,JAKSEL
19000000000,358,500,5,5,ADA,JAKSEL
5800000000,128,148,3,3,ADA,JAKSEL
7000000000,291,210,4,3,ADA,JAKSEL
21500000000,788,400,4,3,TIDAK ADA,JAKSEL
38000000000,900,422,4,3,ADA,JAKSEL
5900000000,160,176,4,3,TIDAK ADA,JAKSEL
15000000000,600,450,5,4,TIDAK ADA,JAKSEL
14900000000,700,500,4,3,ADA,JAKSEL
16000000000,587,350,4,3,ADA,JAKSEL
21000000000,1180,550,5,4,ADA,JAKSEL
9500000000,330,450,5,2,ADA,JAKSEL
8500000000,400,280,3,3,TIDAK ADA,JAKSEL
14000000000,580,500,6,4,ADA,JAKSEL
26000000000,600,450,4,4,ADA,JAKSEL
13000000000,330,430,5,4,ADA,JAKSEL
8600000000,246,350,3,3,TIDAK ADA,JAKSEL
7000000000,194,229,5,4,ADA,JAKSEL
18000000000,800,600,5,5,ADA,JAKSEL
5500000000,214,245,4,2,TIDAK ADA,JAKSEL
43000000000,1000,600,27,27,ADA,JAKSEL
13500000000,250,350,5,4,ADA,JAKSEL
36000000000,1300,850,5,5,ADA,JAKSEL
4500000000,235,300,4,4,ADA,JAKSEL
18500000000,1000,700,4,3,ADA,JAKSEL
21500000000,603,400,4,1,ADA,JAKSEL
21000000000,358,500,4,5,ADA,JAKSEL
24000000000,450,1320,5,3,TIDAK ADA,JAKSEL
15000000000,225,425,5,4,ADA,JAKSEL
21600000000,800,500,4,2,ADA,JAKSEL
12000000000,477,970,5,4,ADA,JAKSEL
5000000000,185,255,4,4,ADA,JAKSEL
7700000000,188,300,3,3,ADA,JAKSEL
8700000000,246,350,3,3,ADA,JAKSEL
5200000000,464,400,5,5,ADA,JAKSEL
30000000000,1017,500,5,3,ADA,JAKSEL
4500000000,258,150,2,2,TIDAK ADA,JAKSEL
30000000000,1500,600,7,7,ADA,JAKSEL
28000000000,1100,800,5,4,ADA,JAKSEL
14200000000,474,455,3,3,ADA,JAKSEL
29000000000,1019,800,6,4,ADA,JAKSEL
6900000000,389,400,4,3,ADA,JAKSEL
21900000000,377,266,4,3,ADA,JAKSEL
14500000000,212,363,3,4,ADA,JAKSEL
5300000000,129,148,3,3,TIDAK ADA,JAKSEL
7900000000,181,330,3,4,TIDAK ADA,JAKSEL
4500000000,151,200,4,4,ADA,JAKSEL
17000000000,500,600,4,3,TIDAK ADA,JAKSEL
14500000000,240,450,4,4,ADA,JAKSEL
20000000000,1040,600,4,3,ADA,JAKSEL
5900000000,160,176,4,3,ADA,JAKSEL
20000000000,1026,750,6,4,ADA,JAKSEL
2500000000,94,180,4,4,TIDAK ADA,JAKSEL
18500000000,421,450,4,3,ADA,JAKSEL
20000000000,472,650,4,3,TIDAK ADA,JAKSEL
6500000000,295,300,4,4,ADA,JAKSEL
5000000000,225,245,3,3,TIDAK ADA,JAKSEL
17000000000,465,640,4,4,ADA,JAKSEL
15000000000,500,600,5,5,ADA,JAKSEL
10000000000,246,350,3,3,ADA,JAKSEL
18000000000,700,500,5,4,ADA,JAKSEL
36000000000,1147,900,5,6,ADA,JAKSEL
35500000000,500,525,4,4,ADA,JAKSEL
5250000000,190,320,4,3,ADA,JAKSEL
13500000000,330,520,3,2,ADA,JAKSEL
10700000000,604,550,5,5,ADA,JAKSEL
18000000000,415,470,5,4,ADA,JAKSEL
21000000000,817,500,4,4,ADA,JAKSEL
10000000000,227,400,4,3,ADA,JAKSEL
6500000000,215,320,4,3,ADA,JAKSEL
4700000000,260,280,6,4,ADA,JAKSEL
17500000000,518,450,5,7,ADA,JAKSEL
19750000000,500,536,5,5,ADA,JAKSEL
30000000000,317,450,4,4,ADA,JAKSEL
15000000000,585,300,4,2,TIDAK ADA,JAKSEL
25000000000,1050,1000,4,4,TIDAK ADA,JAKSEL
11100000000,230,568,4,4,ADA,JAKSEL
20000000000,780,500,4,3,TIDAK ADA,JAKSEL
5300000000,330,250,10,4,TIDAK ADA,JAKSEL
39000000000,973,1000,4,4,TIDAK ADA,JAKSEL
38000000000,1180,800,8,9,ADA,JAKSEL
18000000000,216,384,4,4,ADA,JAKSEL
23000000000,558,563,8,6,ADA,JAKSEL
26000000000,1083,1200,6,6,ADA,JAKSEL
23000000000,693,474,5,4,ADA,JAKSEL
4750000000,161,250,4,2,TIDAK ADA,JAKSEL
15900000000,400,500,4,5,ADA,JAKSEL
5500000000,230,300,3,3,TIDAK ADA,JAKSEL
9000000000,159,380,3,3,ADA,JAKSEL
19000000000,817,600,5,4,ADA,JAKSEL
22600000000,754,500,4,4,ADA,JAKSEL
33000000000,585,900,7,6,ADA,JAKSEL
12000000000,600,500,4,3,ADA,JAKSEL
15000000000,385,500,4,5,ADA,JAKSEL
17500000000,518,450,5,7,ADA,JAKSEL
1870000000,22,90,3,2,TIDAK ADA,JAKSEL
17500000000,800,800,5,5,TIDAK ADA,JAKSEL
5800000000,144,285,4,3,ADA,JAKSEL
39000000000,450,650,7,5,ADA,JAKSEL
6500000000,399,350,4,3,ADA,JAKSEL
12000000000,615,450,4,4,ADA,JAKSEL
8800000000,527,600,3,3,TIDAK ADA,JAKSEL
7730000000,225,245,3,3,ADA,JAKSEL
500000000,60,60,2,1,TIDAK ADA,JAKSEL
14400000000,474,450,4,3,ADA,JAKSEL
16000000000,407,575,5,4,ADA,JAKSEL
40000000000,973,1100,4,4,ADA,JAKSEL
11000000000,180,415,4,5,ADA,JAKSEL
5500000000,144,325,3,4,TIDAK ADA,JAKSEL
16000000000,350,600,4,4,TIDAK ADA,JAKSEL
21000000000,1042,550,7,6,ADA,JAKSEL
11200000000,246,345,6,5,ADA,JAKSEL
5500000000,214,245,5,3,TIDAK ADA,JAKSEL
6500000000,250,214,4,3,TIDAK ADA,JAKSEL
16500000000,472,650,4,3,ADA,JAKSEL
10500000000,230,300,10,10,ADA,JAKSEL
10000000000,227,400,6,4,ADA,JAKSEL
10500000000,876,700,7,4,TIDAK ADA,JAKSEL
15000000000,400,450,5,4,ADA,JAKSEL
8950000000,246,340,6,3,ADA,JAKSEL
22000000000,1000,800,5,4,ADA,JAKSEL
6800000000,133,331,4,3,ADA,JAKSEL
5200000000,347,300,5,4,TIDAK ADA,JAKSEL
20000000000,450,550,5,2,TIDAK ADA,JAKSEL
26000000000,700,887,4,5,TIDAK ADA,JAKSEL
15500000000,450,400,4,4,TIDAK ADA,JAKSEL
6900000000,625,500,4,4,ADA,JAKSEL
2750000000,130,175,3,3,TIDAK ADA,JAKSEL
22000000000,455,570,4,5,ADA,JAKSEL
9550000000,251,288,4,3,TIDAK ADA,JAKSEL
15000000000,520,500,4,4,ADA,JAKSEL
15000000000,1055,650,8,5,ADA,JAKSEL
39000000000,973,1100,4,4,ADA,JAKSEL
17500000000,518,450,5,7,ADA,JAKSEL
28000000000,1020,816,5,3,ADA,JAKSEL
4650000000,124,220,4,3,ADA,JAKSEL
6800000000,389,200,4,3,ADA,JAKSEL
5900000000,214,245,5,3,TIDAK ADA,JAKSEL
14500000000,648,400,8,6,ADA,JAKSEL
36000000000,1300,850,6,4,ADA,JAKSEL
19500000000,520,500,5,4,ADA,JAKSEL
5000000000,300,200,5,4,TIDAK ADA,JAKSEL
11100000000,282,383,4,2,ADA,JAKSEL
14000000000,718,400,2,2,ADA,JAKSEL
4950000000,135,250,3,4,ADA,JAKSEL
8500000000,246,221,4,4,ADA,JAKSEL
4700000000,110,250,4,3,TIDAK ADA,JAKSEL
14400000000,451,320,5,4,ADA,JAKSEL
85000000000,1175,1700,5,6,ADA,JAKSEL
6700000000,190,250,4,3,ADA,JAKSEL
4400000000,201,300,4,3,TIDAK ADA,JAKSEL
6800000000,212,170,3,2,ADA,JAKSEL
5800000000,150,171,3,3,TIDAK ADA,JAKSEL
14850000000,539,610,4,4,ADA,JAKSEL
11000000000,180,420,4,5,ADA,JAKSEL
17000000000,392,400,4,4,ADA,JAKSEL
8250000000,174,220,3,3,ADA,JAKSEL
8000000000,352,200,4,2,ADA,JAKSEL
16000000000,407,500,4,4,ADA,JAKSEL
5400000000,104,240,3,3,ADA,JAKSEL
14000000000,407,800,4,3,ADA,JAKSEL
25000000000,752,450,4,4,ADA,JAKSEL
19000000000,380,600,4,4,ADA,JAKSEL
1350000000,72,150,3,3,TIDAK ADA,JAKSEL
3500000000,156,95,4,3,ADA,JAKSEL
14500000000,560,200,3,2,ADA,JAKSEL
3500000000,100,186,4,3,ADA,JAKSEL
2200000000,110,200,3,3,ADA,JAKSEL
15500000000,1055,500,5,3,ADA,JAKSEL
1300000000,65,108,3,2,ADA,JAKSEL
1200000000,69,75,3,1,TIDAK ADA,JAKSEL
1310000000,51,60,2,2,TIDAK ADA,JAKSEL
2400000000,127,180,5,5,ADA,JAKSEL
5500000000,234,115,2,2,ADA,JAKSEL
15000000000,500,550,5,5,ADA,JAKSEL
35500000000,1500,1000,6,6,ADA,JAKSEL
3800000000,220,220,3,3,TIDAK ADA,JAKSEL
4970000000,154,300,6,4,ADA,JAKSEL
10500000000,202,600,3,3,TIDAK ADA,JAKSEL
680000000,50,60,3,2,TIDAK ADA,JAKSEL
2570000000,107,120,3,3,TIDAK ADA,JAKSEL
14000000000,949,800,5,4,ADA,JAKSEL
4600000000,201,350,4,3,ADA,JAKSEL
4200000000,109,188,3,3,ADA,JAKSEL
13500000000,465,365,5,5,ADA,JAKSEL
700000000,60,52,3,2,ADA,JAKSEL
1650000000,78,105,3,3,ADA,JAKSEL
1300000000,86,135,3,2,TIDAK ADA,JAKSEL
80000000000,800,2000,7,6,ADA,JAKSEL
11750000000,340,419,4,4,TIDAK ADA,JAKSEL
14900000000,291,400,4,4,TIDAK ADA,JAKSEL
57000000000,550,1200,5,5,ADA,JAKSEL
1350000000,69,100,3,3,ADA,JAKSEL
555000000,32,38,2,2,TIDAK ADA,JAKSEL
1200000000,60,70,3,2,ADA,JAKSEL
2990000000,123,160,4,3,TIDAK ADA,JAKSEL
7500000000,150,350,3,3,ADA,JAKSEL
4200000000,85,190,3,3,TIDAK ADA,JAKSEL
25000000000,850,530,6,4,ADA,JAKSEL
1880000000,60,90,3,2,TIDAK ADA,JAKSEL
5300000000,144,285,4,3,ADA,JAKSEL
1300000000,78,100,3,3,TIDAK ADA,JAKSEL
700000000,60,52,3,2,ADA,JAKSEL
650000000,60,52,3,2,ADA,JAKSEL
679000000,60,50,3,2,TIDAK ADA,JAKSEL
2200000000,110,200,4,4,TIDAK ADA,JAKSEL
1200000000,60,70,3,2,ADA,JAKSEL
3750000000,321,220,5,5,ADA,JAKSEL
15000000000,291,400,4,3,ADA,JAKSEL
13500000000,500,640,5,5,ADA,JAKSEL
15000000000,291,400,4,4,ADA,JAKSEL
7050000000,128,315,3,3,ADA,JAKSEL
13700000000,323,400,4,3,ADA,JAKSEL
9500000000,239,436,4,4,ADA,JAKSEL
14500000000,465,841,5,4,ADA,JAKSEL
17000000000,392,500,4,4,ADA,JAKSEL
32000000000,325,600,4,4,ADA,JAKSEL
168000000000,1770,1000,5,5,ADA,JAKSEL
30000000000,345,500,4,4,ADA,JAKSEL
32000000000,430,600,4,4,ADA,JAKSEL
180000000000,1442,1000,6,5,ADA,JAKSEL
90000000000,1066,5000,8,6,ADA,JAKSEL
35000000000,2600,700,5,5,ADA,JAKSEL
23000000000,400,400,4,4,ADA,JAKSEL
75000000000,1050,1500,5,5,ADA,JAKSEL
68000000000,470,1000,5,5,ADA,JAKSEL
135000000000,850,1000,5,4,ADA,JAKSEL
165000000000,2122,1500,6,6,ADA,JAKSEL
2800000000,75,150,4,2,ADA,JAKSEL
12000000000,340,419,4,5,TIDAK ADA,JAKSEL
11000000000,769,400,4,3,ADA,JAKSEL
33000000000,329,526,5,4,ADA,JAKSEL
85000000000,770,500,4,4,ADA,JAKSEL
3000000000,250,267,4,4,ADA,JAKSEL
65000000000,586,600,5,4,ADA,JAKSEL
7350000000,200,444,27,27,ADA,JAKSEL
40000000000,340,850,5,5,ADA,JAKSEL
120000000000,1050,998,5,5,ADA,JAKSEL
110000000000,1050,2500,8,5,ADA,JAKSEL
50000000000,912,600,5,4,ADA,JAKSEL
5150000000,144,285,4,3,ADA,JAKSEL
12500000000,875,578,6,5,ADA,JAKSEL
2950000000,82,145,3,3,ADA,JAKSEL
28000000000,490,500,5,4,ADA,JAKSEL
15700000000,860,350,5,4,ADA,JAKSEL
14900000000,291,400,4,4,TIDAK ADA,JAKSEL
15000000000,542,452,5,5,ADA,JAKSEL
14500000000,325,450,3,3,ADA,JAKSEL
72000000000,855,589,5,3,ADA,JAKSEL
5200000000,390,250,3,2,ADA,JAKSEL
7500000000,105,275,3,3,ADA,JAKSEL
75000000000,3000,2000,4,4,ADA,JAKSEL
8500000000,226,330,5,5,ADA,JAKSEL
12500000000,340,419,4,4,TIDAK ADA,JAKSEL
6100000000,199,350,4,4,ADA,JAKSEL
1280000000,72,78,3,2,TIDAK ADA,JAKSEL
30000000000,1100,800,5,6,ADA,JAKSEL
11000000000,459,500,5,5,ADA,JAKSEL
22900000000,680,850,4,4,TIDAK ADA,JAKSEL
9500000000,460,550,4,5,TIDAK ADA,JAKSEL
4970000000,161,300,5,3,TIDAK ADA,JAKSEL
42000000000,709,500,3,4,TIDAK ADA,JAKSEL
11000000000,256,350,4,4,ADA,JAKSEL
28000000000,997,800,4,5,ADA,JAKSEL
29900000000,680,650,6,6,TIDAK ADA,JAKSEL
12900000000,1145,400,6,4,TIDAK ADA,JAKSEL
4800000000,340,275,4,3,ADA,JAKSEL
7000000000,248,240,4,2,TIDAK ADA,JAKSEL
15000000000,291,400,4,4,ADA,JAKSEL
15000000000,1148,500,4,4,ADA,JAKSEL
7300000000,385,270,3,2,ADA,JAKSEL
4200000000,151,145,4,4,ADA,JAKSEL
4500000000,203,100,4,3,ADA,JAKSEL
23200000000,400,350,4,3,ADA,JAKSEL
34000000000,525,525,4,4,ADA,JAKSEL
7500000000,149,325,5,3,TIDAK ADA,JAKSEL
550000000,84,50,2,1,TIDAK ADA,JAKSEL
22000000000,616,800,6,5,ADA,JAKSEL
1200000000,60,70,3,2,ADA,JAKSEL
38000000000,320,1000,5,5,ADA,JAKSEL
21000000000,560,700,5,5,ADA,JAKSEL
60000000000,610,700,4,4,ADA,JAKSEL
5800000000,126,256,3,3,ADA,JAKSEL
15500000000,216,300,6,8,TIDAK ADA,JAKSEL
45000000000,483,1100,5,5,ADA,JAKSEL
2700000000,310,400,6,4,ADA,JAKSEL
1700000000,213,125,4,4,ADA,JAKSEL
3250000000,146,70,6,2,ADA,JAKSEL
7700000000,422,400,4,4,ADA,JAKSEL
19700000000,903,600,3,3,ADA,JAKSEL
1750000000,133,140,3,3,ADA,JAKSEL
6750000000,350,200,3,2,ADA,JAKSEL
30000000000,3000,500,4,4,ADA,JAKSEL
23000000000,348,468,4,4,ADA,JAKSEL
5000000000,212,195,4,3,ADA,JAKSEL
55000000000,4035,1500,6,6,TIDAK ADA,JAKSEL
4800000000,290,240,4,3,ADA,JAKSEL
430000000,25,40,2,2,TIDAK ADA,JAKSEL
4900000000,130,320,3,2,ADA,JAKSEL
15000000000,290,400,4,3,ADA,JAKSEL
28000000000,404,837,4,4,ADA,JAKSEL
13000000000,616,600,5,4,ADA,JAKSEL
15500000000,480,600,22,10,ADA,JAKSEL
10500000000,1000,476,5,5,ADA,JAKSEL
6500000000,250,280,3,2,ADA,JAKSEL
4050000000,468,500,5,4,ADA,JAKSEL
9000000000,355,400,6,5,ADA,JAKSEL
5900000000,403,200,4,3,ADA,JAKSEL
6500000000,400,300,4,4,ADA,JAKSEL
8500000000,540,450,5,4,ADA,JAKSEL
32000000000,325,600,4,8,ADA,JAKSEL
21000000000,250,400,3,3,ADA,JAKSEL
18000000000,290,450,4,3,ADA,JAKSEL
8500000000,529,315,4,4,ADA,JAKSEL
2800000000,170,169,4,4,TIDAK ADA,JAKSEL
28000000000,830,400,8,4,TIDAK ADA,JAKSEL
2950000000,170,230,5,2,TIDAK ADA,JAKSEL
7300000000,230,350,5,3,ADA,JAKSEL
11000000000,268,400,5,4,ADA,JAKSEL
5900000000,160,176,3,2,ADA,JAKSEL
8000000000,555,284,4,5,ADA,JAKSEL
4000000000,164,217,3,3,ADA,JAKSEL
1300000000,62,110,3,3,ADA,JAKSEL
1230000000,60,65,2,2,TIDAK ADA,JAKSEL
1200000000,65,60,2,2,ADA,JAKSEL
38000000000,316,1000,5,5,ADA,JAKSEL
4500000000,567,300,3,2,ADA,JAKSEL
6000000000,347,120,4,3,ADA,JAKSEL
25000000000,700,1200,5,7,ADA,JAKSEL
7500000000,186,380,3,4,TIDAK ADA,JAKSEL
7000000000,200,300,3,3,TIDAK ADA,JAKSEL
15000000000,702,451,4,4,ADA,JAKSEL
100000000000,945,700,4,4,ADA,JAKSEL
3600000000,105,136,3,2,TIDAK ADA,JAKSEL
6500000000,210,330,4,4,TIDAK ADA,JAKSEL
29000000000,300,295,4,3,TIDAK ADA,JAKSEL
95000000000,3300,600,5,4,TIDAK ADA,JAKSEL
28000000000,404,837,4,4,TIDAK ADA,JAKSEL
10500000000,507,480,6,5,ADA,JAKSEL
4970000000,154,300,5,3,ADA,JAKSEL
68000000000,814,494,5,5,ADA,JAKSEL
15000000000,291,400,7,6,ADA,JAKSEL
2480000000,120,160,4,3,TIDAK ADA,JAKSEL
13500000000,380,400,5,4,ADA,JAKSEL
11000000000,378,350,4,1,ADA,JAKSEL
2190000000,111,125,3,2,ADA,JAKSEL
4350000000,105,220,3,3,ADA,JAKSEL
7800000000,206,300,4,4,ADA,JAKSEL
30000000000,458,400,4,4,TIDAK ADA,JAKSEL
42000000000,630,500,5,4,ADA,JAKSEL
1800000000,111,160,4,3,TIDAK ADA,JAKSEL
3900000000,360,250,5,3,TIDAK ADA,JAKSEL
169000000000,2122,1024,10,5,TIDAK ADA,JAKSEL
7500000000,220,305,4,4,TIDAK ADA,JAKSEL
27000000000,1752,712,3,2,ADA,JAKSEL
6800000000,210,262,4,3,ADA,JAKSEL
10500000000,300,378,4,3,TIDAK ADA,JAKSEL
13750000000,500,640,5,6,ADA,JAKSEL
6900000000,210,330,4,4,ADA,JAKSEL
5800000000,122,240,3,3,ADA,JAKSEL
5500000000,180,350,4,3,ADA,JAKSEL
6900000000,450,600,5,6,ADA,JAKSEL
5900000000,160,300,3,2,ADA,JAKSEL
28000000000,488,450,5,3,ADA,JAKSEL
20000000000,292,800,27,27,TIDAK ADA,JAKSEL
77500000000,1148,1200,8,6,ADA,JAKSEL
3250000000,105,140,3,3,ADA,JAKSEL
1600000000,229,160,3,2,TIDAK ADA,JAKSEL
15000000000,400,500,4,5,ADA,JAKSEL
25000000000,674,500,5,4,ADA,JAKSEL
2200000000,105,124,3,3,ADA,JAKSEL
6750000000,200,180,2,2,TIDAK ADA,JAKSEL
3600000000,136,180,3,2,TIDAK ADA,JAKSEL
1450000000,76,130,3,3,TIDAK ADA,JAKSEL
6400000000,235,310,5,4,ADA,JAKSEL
1750000000,133,130,3,3,ADA,JAKSEL
6750000000,187,337,6,4,ADA,JAKSEL
85000000000,1180,1200,5,6,ADA,JAKSEL
65000000000,472,1200,5,5,ADA,JAKSEL
21000000000,321,800,5,6,ADA,JAKSEL
4500000000,972,350,4,3,ADA,JAKSEL
1530000000,78,107,3,3,TIDAK ADA,JAKSEL
3500000000,169,215,4,4,ADA,JAKSEL
1100000000,65,100,3,3,ADA,JAKSEL
3700000000,540,350,4,2,ADA,JAKSEL
16000000000,488,550,6,5,ADA,JAKSEL
4500000000,209,270,4,4,ADA,JAKSEL
29000000000,692,400,4,3,TIDAK ADA,JAKSEL
1700000000,102,140,4,3,TIDAK ADA,JAKSEL
1250000000,63,110,3,3,TIDAK ADA,JAKSEL
3800000000,220,220,3,3,TIDAK ADA,JAKSEL
4600000000,137,180,4,3,ADA,JAKSEL
3000000000,250,267,4,4,ADA,JAKSEL
430000000,25,40,2,2,TIDAK ADA,JAKSEL
9000000000,355,400,6,5,ADA,JAKSEL
4970000000,154,300,5,3,ADA,JAKSEL
2600000000,150,120,3,2,ADA,JAKSEL
10500000000,247,350,4,4,TIDAK ADA,JAKSEL
3250000000,90,125,3,3,TIDAK ADA,JAKSEL
4500000000,96,250,5,4,ADA,JAKSEL
3600000000,110,154,3,3,ADA,JAKSEL
9500000000,240,450,4,4,ADA,JAKSEL
10500000000,118,218,3,3,ADA,JAKSEL
12500000000,979,200,4,2,ADA,JAKSEL
4600000000,137,180,5,4,ADA,JAKSEL
3000000000,144,126,4,2,ADA,JAKSEL
6000000000,150,400,5,4,ADA,JAKSEL
7500000000,253,150,5,2,ADA,JAKSEL
18000000000,251,200,5,3,ADA,JAKSEL
9700000000,248,450,5,5,ADA,JAKSEL
14000000000,700,300,8,5,ADA,JAKSEL
8000000000,218,315,7,3,ADA,JAKSEL
700000000,75,75,2,3,TIDAK ADA,JAKSEL
5500000000,230,350,5,5,ADA,JAKSEL
11000000000,695,650,9,6,ADA,JAKSEL
4000000000,199,250,8,2,ADA,JAKSEL
3900000000,130,210,3,4,ADA,JAKSEL
6500000000,200,300,5,5,ADA,JAKSEL
5800000000,200,175,6,4,ADA,JAKSEL
3200000000,110,140,3,3,ADA,JAKSEL
8800000000,230,400,5,5,ADA,JAKSEL
42000000000,600,900,7,7,ADA,JAKSEL
1100000000,102,102,2,1,TIDAK ADA,JAKSEL
10900000000,428,646,5,5,ADA,JAKSEL
3600000000,200,145,8,8,ADA,JAKSEL
4000000000,120,220,4,4,ADA,JAKSEL
6000000000,222,325,6,5,TIDAK ADA,JAKSEL
6500000000,200,300,5,5,ADA,JAKSEL
4500000000,154,250,6,3,ADA,JAKSEL
4500000000,105,247,5,5,ADA,JAKSEL
4000000000,140,200,4,4,ADA,JAKSEL
2600000000,90,150,3,2,ADA,JAKSEL
5500000000,239,210,8,5,ADA,JAKSEL
15000000000,643,339,7,5,ADA,JAKSEL
3500000000,100,190,5,4,ADA,JAKSEL
6000000000,240,450,9,9,TIDAK ADA,JAKSEL
8000000000,232,300,6,5,TIDAK ADA,JAKSEL
9500000000,305,352,4,3,TIDAK ADA,JAKSEL
4300000000,146,135,6,6,ADA,JAKSEL
3800000000,135,200,3,4,TIDAK ADA,JAKSEL
41000000000,600,850,7,7,TIDAK ADA,JAKSEL
4000000000,175,190,4,2,ADA,JAKSEL
2500000000,90,120,4,1,ADA,JAKSEL
4750000000,196,180,5,5,ADA,JAKSEL
23000000000,610,750,8,6,ADA,JAKSEL
4400000000,96,250,6,5,ADA,JAKSEL
4500000000,140,220,5,4,ADA,JAKSEL
5000000000,180,250,5,3,ADA,JAKSEL
13000000000,393,200,5,3,ADA,JAKSEL
4150000000,135,216,5,4,ADA,JAKSEL
3800000000,130,260,6,3,ADA,JAKSEL
18000000000,410,300,5,3,TIDAK ADA,JAKSEL
8100000000,240,245,3,3,ADA,JAKSEL
5250000000,108,147,4,3,ADA,JAKSEL
4500000000,145,120,6,4,ADA,JAKSEL
6200000000,200,170,8,5,ADA,JAKSEL
6500000000,200,250,6,3,ADA,JAKSEL
3500000000,112,170,4,5,ADA,JAKSEL
3199000000,149,150,3,2,TIDAK ADA,JAKSEL
3200000000,130,150,3,2,ADA,JAKSEL
3799000000,130,200,3,3,ADA,JAKSEL
6000000000,198,250,7,4,ADA,JAKSEL
9790000000,393,403,5,3,ADA,JAKSEL
5500000000,270,170,6,3,ADA,JAKSEL
3350000000,135,120,4,3,ADA,JAKSEL
750000000,80,78,3,2,TIDAK ADA,JAKSEL
3500000000,165,250,6,4,ADA,JAKSEL
4700000000,137,180,4,3,ADA,JAKSEL
3500000000,112,170,3,4,ADA,JAKSEL
2850000000,90,160,4,2,ADA,JAKSEL
3500000000,110,160,3,3,ADA,JAKSEL
3100000000,137,120,5,2,TIDAK ADA,JAKSEL
13000000000,245,196,7,3,ADA,JAKSEL
4300000000,112,170,4,5,ADA,JAKSEL
5500000000,140,180,3,4,TIDAK ADA,JAKSEL
6750000000,210,350,4,4,ADA,JAKSEL
3200000000,104,200,4,3,ADA,JAKSEL
8250000000,282,460,6,5,ADA,JAKSEL
3250000000,130,150,5,2,ADA,JAKSEL
3499000000,150,110,3,2,TIDAK ADA,JAKSEL
5000000000,335,330,8,4,ADA,JAKSEL
9500000000,247,445,6,5,ADA,JAKSEL
3400000000,104,140,4,3,ADA,JAKSEL
5000000000,160,325,9,6,ADA,JAKSEL
5600000000,225,250,5,3,ADA,JAKSEL
4500000000,135,180,4,3,ADA,JAKSEL
10800000000,400,500,6,5,ADA,JAKSEL
2600000000,91,210,5,4,ADA,JAKSEL
3600000000,127,180,4,4,ADA,JAKSEL
3450000000,112,170,3,4,ADA,JAKSEL
7400000000,257,200,4,3,ADA,JAKSEL
10000000000,282,400,8,4,ADA,JAKSEL
15000000000,1225,800,6,9,ADA,JAKSEL
30000000000,752,800,6,4,TIDAK ADA,JAKSEL
3500000000,108,170,5,3,ADA,JAKSEL
1700000000,80,100,3,2,TIDAK ADA,JAKSEL
3500000000,141,250,5,3,ADA,JAKSEL
1300000000,90,100,3,2,TIDAK ADA,JAKSEL
2800000000,90,160,5,3,ADA,JAKSEL
5000000000,160,325,5,5,TIDAK ADA,JAKSEL
3200000000,80,150,5,3,ADA,JAKSEL
11000000000,305,275,5,3,ADA,JAKSEL
5000000000,150,320,5,5,ADA,JAKSEL
2200000000,98,70,2,1,TIDAK ADA,JAKSEL
5600000000,192,156,5,2,ADA,JAKSEL
3800000000,180,211,5,4,ADA,JAKSEL
4000000000,146,200,3,1,ADA,JAKSEL
15000000000,692,800,5,4,ADA,JAKSEL
3850000000,130,200,4,4,ADA,JAKSEL
4200000000,140,160,4,3,ADA,JAKSEL
5990000000,210,350,5,4,ADA,JAKSEL
4000000000,152,180,4,3,ADA,JAKSEL
42000000000,600,850,5,5,ADA,JAKSEL
9500000000,240,340,4,3,ADA,JAKSEL
4000000000,140,190,4,4,ADA,JAKSEL
4000000000,230,139,4,4,ADA,JAKSEL
7000000000,282,400,8,4,ADA,JAKSEL
4525000000,161,100,4,2,ADA,JAKSEL
25000000000,550,485,5,6,ADA,JAKSEL
19900000000,450,346,5,5,ADA,JAKSEL
15000000000,578,400,6,3,ADA,JAKSEL
3600000000,146,170,3,3,ADA,JAKSEL
3950000000,148,200,4,3,ADA,JAKSEL
3900000000,130,200,3,2,ADA,JAKSEL
3850000000,137,236,4,3,ADA,JAKSEL
9200000000,695,450,8,6,ADA,JAKSEL
5950000000,200,220,3,3,ADA,JAKSEL
7500000000,280,500,4,4,ADA,JAKSEL
3100000000,103,200,3,3,ADA,JAKSEL
7000000000,182,400,4,3,ADA,JAKSEL
25000000000,840,550,5,3,ADA,JAKSEL
11000000000,344,280,3,3,ADA,JAKSEL
4350000000,132,180,4,3,ADA,JAKSEL
25000000000,1069,355,5,4,ADA,JAKSEL
4300000000,155,250,5,3,ADA,JAKSEL
8800000000,230,400,6,6,ADA,JAKSEL
13000000000,384,216,3,3,ADA,JAKSEL
4700000000,150,250,4,3,ADA,JAKSEL
7200000000,161,250,3,3,ADA,JAKSEL
3500000000,120,192,5,4,ADA,JAKSEL
7900000000,225,380,5,3,ADA,JAKSEL
2800000000,103,150,3,3,ADA,JAKSEL
2600000000,75,130,3,3,ADA,JAKSEL
5900000000,202,250,5,4,ADA,JAKSEL
850000000,69,78,4,2,TIDAK ADA,JAKSEL
3600000000,180,250,4,2,TIDAK ADA,JAKSEL
6850000000,338,219,5,3,ADA,JAKSEL
4500000000,226,325,6,4,ADA,JAKSEL
2600000000,150,120,3,2,ADA,JAKSEL
5750000000,240,350,7,5,TIDAK ADA,JAKSEL
2999000000,140,140,5,3,ADA,JAKSEL
5000000000,127,180,5,4,ADA,JAKSEL
4000000000,135,200,7,4,ADA,JAKSEL
3500000000,112,150,4,4,ADA,JAKSEL
6100000000,130,375,5,4,ADA,JAKSEL
30000000000,498,800,5,5,ADA,JAKSEL
6500000000,181,250,8,4,ADA,JAKSEL
3750000000,112,150,3,5,ADA,JAKSEL
6300000000,133,200,4,3,ADA,JAKSEL
15000000000,387,480,4,4,ADA,JAKSEL
2650000000,90,125,3,4,ADA,JAKSEL
18500000000,360,800,5,7,ADA,JAKSEL
14500000000,307,500,3,4,ADA,JAKSEL
8750000000,202,350,4,5,ADA,JAKSEL
5800000000,138,200,5,4,ADA,JAKSEL
15000000000,310,250,4,5,ADA,JAKSEL
15000000000,580,400,5,4,ADA,JAKSEL
2300000000,90,100,2,2,ADA,JAKSEL
3950000000,166,200,4,4,ADA,JAKSEL
2750000000,135,120,3,2,ADA,JAKSEL
3250000000,146,251,8,8,ADA,JAKSEL
2590000000,76,170,3,3,ADA,JAKSEL
4500000000,140,140,5,4,ADA,JAKSEL
4500000000,148,200,5,4,ADA,JAKSEL
7150000000,162,250,5,3,ADA,JAKSEL
10500000000,189,200,5,2,TIDAK ADA,JAKSEL
6500000000,125,245,4,3,ADA,JAKSEL
6750000000,210,350,4,4,ADA,JAKSEL
9500000000,304,280,5,5,TIDAK ADA,JAKSEL
23000000000,600,480,10,4,ADA,JAKSEL
6500000000,222,200,6,2,ADA,JAKSEL
3600000000,146,170,4,3,ADA,JAKSEL
8800000000,230,400,6,6,ADA,JAKSEL
1900000000,135,135,3,3,ADA,JAKSEL
29000000000,672,980,5,6,ADA,JAKSEL
2550000000,90,150,4,4,ADA,JAKSEL
3300000000,90,120,5,4,ADA,JAKSEL
3100000000,90,200,3,3,ADA,JAKSEL
5950000000,200,220,5,4,ADA,JAKSEL
6100000000,204,250,5,3,ADA,JAKSEL
3200000000,87,150,4,3,ADA,JAKSEL
2500000000,78,140,4,3,ADA,JAKSEL
12500000000,208,600,4,5,ADA,JAKSEL
8000000000,230,152,3,3,ADA,JAKSEL
690000000,50,90,3,1,TIDAK ADA,JAKSEL
15000000000,501,500,6,3,TIDAK ADA,JAKSEL
9000000000,230,200,6,3,ADA,JAKSEL
4000000000,155,180,4,3,ADA,JAKSEL
3750000000,135,200,5,3,ADA,JAKSEL
22000000000,619,1080,7,6,ADA,JAKSEL
2100000000,120,160,6,3,ADA,JAKSEL
8700000000,261,160,4,4,ADA,JAKSEL
2900000000,135,175,4,2,TIDAK ADA,JAKSEL
3500000000,140,235,5,4,ADA,JAKSEL
5500000000,270,170,6,3,ADA,JAKSEL
3500000000,86,120,5,4,ADA,JAKSEL
2500000000,100,200,3,3,ADA,JAKSEL
3600000000,146,170,4,3,ADA,JAKSEL
2400000000,154,147,3,2,ADA,JAKSEL
38000000000,720,500,6,6,ADA,JAKSEL
4900000000,158,179,4,4,ADA,JAKSEL
3250000000,145,250,8,8,ADA,JAKSEL
10000000000,306,600,6,5,ADA,JAKSEL
12500000000,189,250,6,4,ADA,JAKSEL
5500000000,150,200,5,3,ADA,JAKSEL
6000000000,159,150,5,4,ADA,JAKSEL
16000000000,405,300,6,4,TIDAK ADA,JAKSEL
5000000000,130,200,5,4,ADA,JAKSEL
6000000000,173,340,5,4,ADA,JAKSEL
5600000000,192,156,6,2,ADA,JAKSEL
3750000000,180,300,5,3,ADA,JAKSEL
5600000000,225,250,5,3,ADA,JAKSEL
3200000000,80,150,5,3,ADA,JAKSEL
2500000000,77,140,3,3,ADA,JAKSEL
9900000000,340,200,4,4,ADA,JAKSEL
3800000000,130,200,3,3,ADA,JAKSEL
9500000000,368,300,4,3,ADA,JAKSEL
10000000000,273,350,4,3,ADA,JAKSEL
12500000000,350,465,6,6,ADA,JAKSEL
2700000000,150,135,4,2,ADA,JAKSEL
9800000000,248,400,5,5,ADA,JAKSEL
11500000000,300,400,9,6,ADA,JAKSEL
2600000000,142,120,4,2,ADA,JAKSEL
3100000000,86,120,5,4,ADA,JAKSEL
4650000000,135,320,6,5,ADA,JAKSEL
8750000000,200,250,4,4,ADA,JAKSEL
7200000000,161,250,3,3,ADA,JAKSEL
8000000000,300,250,3,3,ADA,JAKSEL
750000000,78,80,3,1,TIDAK ADA,JAKSEL
5000000000,335,250,7,5,ADA,JAKSEL
8500000000,256,260,5,5,ADA,JAKSEL
28000000000,775,1000,5,3,ADA,JAKSEL
9500000000,345,400,5,3,ADA,JAKSEL
3800000000,140,200,4,3,ADA,JAKSEL
2650000000,90,125,3,3,ADA,JAKSEL
12000000000,244,230,5,4,ADA,JAKSEL
3300000000,154,170,5,3,ADA,JAKSEL
3900000000,146,260,3,1,ADA,JAKSEL
7800000000,253,200,4,3,ADA,JAKSEL
4700000000,150,200,4,4,ADA,JAKSEL
7500000000,200,444,10,10,ADA,JAKSEL
16000000000,400,400,5,4,ADA,JAKSEL
2600000000,142,120,3,2,ADA,JAKSEL
13000000000,322,250,4,3,ADA,JAKSEL
4500000000,96,250,4,5,ADA,JAKSEL
3850000000,186,200,3,2,ADA,JAKSEL
1900000000,133,125,3,3,ADA,JAKSEL
15000000000,384,500,4,3,ADA,JAKSEL
8000000000,221,168,5,3,ADA,JAKSEL
15000000000,378,480,5,4,ADA,JAKSEL
2700000000,90,125,3,3,ADA,JAKSEL
18000000000,361,800,5,4,ADA,JAKSEL
6500000000,248,300,5,4,TIDAK ADA,JAKSEL
4500000000,96,250,5,4,ADA,JAKSEL
6500000000,222,200,4,2,ADA,JAKSEL
4000000000,146,200,3,1,ADA,JAKSEL
4000000000,120,150,4,3,ADA,JAKSEL
4000000000,135,250,4,5,ADA,JAKSEL
2700000000,91,210,5,3,TIDAK ADA,JAKSEL
9000000000,353,470,9,6,ADA,JAKSEL
7500000000,288,200,4,2,ADA,JAKSEL
5500000000,454,200,3,4,ADA,JAKSEL
23000000000,565,350,5,3,ADA,JAKSEL
65000000000,200,300,5,7,ADA,JAKSEL
8250000000,230,400,6,4,ADA,JAKSEL
8500000000,205,300,4,4,ADA,JAKSEL
10750000000,189,200,5,4,ADA,JAKSEL
2458000000,135,165,4,3,ADA,JAKSEL
3500000000,153,125,3,2,ADA,JAKSEL
30000000000,312,815,10,7,ADA,JAKSEL
5500000000,216,280,4,3,ADA,JAKSEL
10000000000,368,300,4,4,ADA,JAKSEL
25900000000,1039,600,7,5,ADA,JAKSEL
2999000000,102,102,3,3,ADA,JAKSEL
5899000000,130,350,6,6,ADA,JAKSEL
3245000000,152,120,4,4,ADA,JAKSEL
5750000128,183,320,6,3,ADA,JAKSEL
6500000000,213,300,5,4,ADA,JAKSEL
6500000000,181,220,8,6,ADA,JAKSEL
4800000000,170,250,4,4,ADA,JAKSEL
16000000000,420,500,4,4,ADA,JAKSEL
13000000000,312,380,4,3,ADA,JAKSEL
7000000000,283,180,4,3,ADA,JAKSEL
2800000000,90,250,4,3,ADA,JAKSEL
1850000000,90,80,3,2,TIDAK ADA,JAKSEL
20999999488,613,613,9,4,ADA,JAKSEL
4300000000,205,117,4,3,ADA,JAKSEL
4300000000,145,200,3,3,ADA,JAKSEL
5500000000,266,300,6,4,ADA,JAKSEL
9000000000,353,470,9,6,ADA,JAKSEL
3500000000,100,190,5,4,ADA,JAKSEL
12999000000,429,400,9,5,ADA,JAKSEL
2300000000,135,160,4,3,ADA,JAKSEL
7100000000,256,200,5,3,ADA,JAKSEL
7000000000,180,350,3,3,TIDAK ADA,JAKSEL
1500000000,170,200,7,2,TIDAK ADA,JAKSEL
1500000000,80,100,4,2,TIDAK ADA,JAKSEL
3500000000,135,150,4,2,TIDAK ADA,JAKSEL
4000000000,100,150,3,3,ADA,JAKSEL
4000000000,126,144,4,2,ADA,JAKSEL
3750000000,135,150,3,2,ADA,JAKSEL
4000000000,140,150,4,2,ADA,JAKSEL
6000000000,260,450,7,4,ADA,JAKSEL
2550000000,90,150,4,4,ADA,JAKSEL
23000000000,565,350,5,3,ADA,JAKSEL
9200000000,695,650,9,6,ADA,JAKSEL
7500000000,253,180,3,2,ADA,JAKSEL
14250000000,393,350,5,4,ADA,JAKSEL
4000000000,135,216,5,4,ADA,JAKSEL
5850000000,138,220,4,3,ADA,JAKSEL
2700000000,90,160,3,3,ADA,JAKSEL
3250000000,157,200,7,3,ADA,JAKSEL
9800000000,247,350,4,3,ADA,JAKSEL
12000000000,237,350,4,3,ADA,JAKSEL
18500000000,520,300,5,4,ADA,JAKSEL
14500000000,307,500,10,7,ADA,JAKSEL
8200000000,260,300,4,4,ADA,JAKSEL
2700000000,92,120,3,3,ADA,JAKSEL
2500000000,100,121,3,2,ADA,JAKSEL
9900000000,250,350,5,3,ADA,JAKSEL
4200000000,160,285,5,6,ADA,JAKSEL
10000000000,535,353,10,10,ADA,JAKSEL
5000000000,217,220,3,3,ADA,JAKSEL
4300000000,90,250,4,4,ADA,JAKSEL
3000000000,125,250,3,2,ADA,JAKSEL
3000000000,170,130,4,3,ADA,JAKSEL
3400000000,110,170,4,4,ADA,JAKSEL
3200000000,90,150,3,2,ADA,JAKSEL
3000000000,110,150,4,3,ADA,JAKSEL
3200000000,91,210,5,3,ADA,JAKSEL
3300000000,90,150,3,2,ADA,JAKSEL
5700000000,190,250,4,3,ADA,JAKSEL
2100000000,125,188,6,4,ADA,JAKSEL
4000000000,175,89,3,3,ADA,JAKSEL
2200000000,220,120,5,3,ADA,JAKSEL
8500000000,300,234,5,4,ADA,JAKSEL
1700000000,204,154,5,2,TIDAK ADA,JAKSEL
10500000000,247,350,5,5,ADA,JAKSEL
1899000000,135,150,4,2,ADA,JAKSEL
1500000000,121,90,3,2,TIDAK ADA,JAKSEL
9000000000,384,399,3,3,ADA,JAKSEL
3500000000,100,180,5,4,ADA,JAKSEL
13000000000,322,250,4,3,ADA,JAKSEL
7800000000,261,160,3,4,ADA,JAKSEL
8000000000,202,200,5,3,ADA,JAKSEL
8000000000,306,450,5,4,ADA,JAKSEL
2900000000,135,90,2,1,ADA,JAKSEL
2950000000,135,125,2,1,TIDAK ADA,JAKSEL
2600000000,130,80,2,1,TIDAK ADA,JAKSEL
2500000000,54,105,3,2,ADA,JAKSEL
2500000000,130,100,3,2,TIDAK ADA,JAKSEL
2600000000,95,180,4,2,ADA,JAKSEL
2700000000,142,120,3,2,ADA,JAKSEL
5000000000,220,100,2,1,TIDAK ADA,JAKSEL
5900000000,134,340,5,4,ADA,JAKSEL
3000000000,150,250,3,3,ADA,JAKSEL
3500000000,118,160,4,4,ADA,JAKSEL
3200000000,138,128,3,2,ADA,JAKSEL
5300000000,145,200,3,3,ADA,JAKSEL
6500000000,150,220,3,3,ADA,JAKSEL
6000000000,284,300,7,3,ADA,JAKSEL
3500000000,135,200,3,3,ADA,JAKSEL
2780000000,120,192,5,4,ADA,JAKSEL
4900000000,135,215,9,8,TIDAK ADA,JAKSEL
3800000000,165,160,4,3,ADA,JAKSEL
4500000000,125,175,3,3,ADA,JAKSEL
6500000000,230,350,4,4,ADA,JAKSEL
5500000000,140,300,3,3,ADA,JAKSEL
7800000000,261,160,3,4,ADA,JAKSEL
3900000000,250,150,4,2,ADA,JAKSEL
9200000000,700,450,8,4,ADA,JAKSEL
2200000000,82,150,5,2,ADA,JAKSEL
2100000000,126,100,2,2,ADA,JAKSEL
2450000000,135,150,5,2,TIDAK ADA,JAKSEL
2150000000,135,120,3,2,ADA,JAKSEL
2300000000,150,130,4,1,TIDAK ADA,JAKSEL
2000000000,94,120,2,2,TIDAK ADA,JAKSEL
2250000000,150,130,2,1,TIDAK ADA,JAKSEL
2000000000,111,100,2,2,ADA,JAKSEL
4000000000,135,216,5,4,ADA,JAKSEL
22000000000,448,350,6,7,ADA,JAKSEL
13000000000,384,216,3,3,ADA,JAKSEL
9000000000,353,470,9,6,TIDAK ADA,JAKSEL
6200000000,138,260,6,5,TIDAK ADA,JAKSEL
2400000000,149,120,3,2,TIDAK ADA,JAKSEL
15000000000,387,237,5,4,ADA,JAKSEL
22000000000,520,300,4,4,ADA,JAKSEL
2200000000,100,120,3,2,ADA,JAKSEL
5000000000,150,320,9,5,TIDAK ADA,JAKSEL
23000000000,565,350,5,3,ADA,JAKSEL
2700000000,87,135,3,2,ADA,JAKSEL
4595000000,136,170,5,4,ADA,JAKSEL
1300000000,75,100,3,2,TIDAK ADA,JAKSEL
12000000000,590,500,10,10,TIDAK ADA,JAKSEL
21000000000,500,300,4,3,ADA,JAKSEL
3500000000,100,170,5,3,ADA,JAKSEL
3900000000,142,179,5,4,ADA,JAKSEL
25000000000,619,700,5,4,ADA,JAKSEL
3900000000,142,179,5,4,ADA,JAKSEL
1250000000,312,480,4,2,ADA,JAKSEL
3900000000,130,230,3,4,ADA,JAKSEL
3000000000,160,150,5,2,TIDAK ADA,JAKSEL
12000000000,303,240,6,6,ADA,JAKSEL
5000000000,210,275,6,5,ADA,JAKSEL
2300000000,132,150,4,3,ADA,JAKSEL
9800000000,342,162,5,3,ADA,JAKSEL
6800000000,428,500,5,4,ADA,JAKSEL
11000000000,391,600,7,5,ADA,JAKSEL
11500000000,400,350,9,7,ADA,JAKSEL
3600000000,163,130,3,2,ADA,JAKSEL
22500000000,610,700,6,4,ADA,JAKSEL
9500000000,240,340,7,4,ADA,JAKSEL
13000000000,322,225,4,3,ADA,JAKSEL
10000000000,264,300,5,4,TIDAK ADA,JAKSEL
5500000000,205,117,5,4,TIDAK ADA,JAKSEL
3500000000,110,90,3,3,ADA,JAKSEL
3500000000,91,250,4,2,ADA,JAKSEL
3800000000,113,154,4,4,ADA,JAKSEL
2800000000,90,250,3,3,ADA,JAKSEL
13750000000,429,600,6,4,ADA,JAKSEL
6200000000,150,220,4,4,ADA,JAKSEL
4600000000,147,200,4,3,ADA,JAKSEL
12000000000,322,322,4,3,ADA,JAKSEL
2500000000,78,94,2,2,ADA,JAKSEL
2500000000,135,160,3,2,ADA,JAKSEL
9200000000,700,450,8,4,ADA,JAKSEL
6500000000,217,217,3,2,ADA,JAKSEL
12000000000,700,450,8,4,TIDAK ADA,JAKSEL
35000000000,469,599,4,3,TIDAK ADA,JAKSEL
4200000000,143,120,6,3,ADA,JAKSEL
5500000000,221,200,5,2,ADA,JAKSEL
3500000000,100,190,6,4,ADA,JAKSEL
900000000,56,100,3,2,TIDAK ADA,JAKSEL
3500000000,100,350,4,4,ADA,JAKSEL
7500000000,288,150,5,3,ADA,JAKSEL
3500000000,140,235,5,4,ADA,JAKSEL
14000000000,475,200,5,3,TIDAK ADA,JAKSEL
3500000000,170,210,6,2,ADA,JAKSEL
4950000000,110,225,5,4,ADA,JAKSEL
2600000000,91,210,5,3,ADA,JAKSEL
4200000000,165,200,4,2,TIDAK ADA,JAKSEL
4200000000,100,150,4,4,TIDAK ADA,JAKSEL
1300000000,125,332,7,7,TIDAK ADA,JAKSEL
8500000000,440,550,8,5,ADA,JAKSEL
8750000000,137,180,4,4,ADA,JAKSEL
3900000000,130,200,3,3,ADA,JAKSEL
6100000000,130,390,7,6,ADA,JAKSEL
2500000000,90,150,3,2,ADA,JAKSEL
3500000000,100,350,4,4,ADA,JAKSEL
30900000000,670,1000,8,6,ADA,JAKSEL
55000000000,1075,400,4,3,ADA,JAKSEL
3500000000,360,225,4,2,ADA,JAKSEL
3500000000,145,200,8,8,ADA,JAKSEL
4500000000,200,150,3,2,ADA,JAKSEL
55000000000,1224,1126,4,4,ADA,JAKSEL
22000000000,520,300,4,4,ADA,JAKSEL
3200000000,86,150,5,4,ADA,JAKSEL
6500000000,173,300,4,4,ADA,JAKSEL
1900000000,135,130,5,2,ADA,JAKSEL
5990000000,220,350,5,5,ADA,JAKSEL
5500000000,173,300,4,4,ADA,JAKSEL
16500000000,361,800,7,5,ADA,JAKSEL
23000000000,619,700,5,5,ADA,JAKSEL
4499999744,140,250,5,4,ADA,JAKSEL
3500000000,135,150,3,3,ADA,JAKSEL
6000000000,150,220,4,4,ADA,JAKSEL
3600000000,110,154,3,3,ADA,JAKSEL
4300000000,135,180,4,4,ADA,JAKSEL
7900000000,225,380,5,4,ADA,JAKSEL
27000000512,1069,350,4,4,ADA,JAKSEL
5000000000,150,320,5,5,ADA,JAKSEL
3000000000,132,110,3,2,TIDAK ADA,JAKSEL
4900000000,170,280,5,4,ADA,JAKSEL
3700000000,130,130,3,3,ADA,JAKSEL
2900000000,160,160,3,3,ADA,JAKSEL
3700000000,89,175,3,3,ADA,JAKSEL
3600000000,180,100,4,2,ADA,JAKSEL
2333333000,90,80,2,2,ADA,JAKSEL
25000000000,271,890,5,6,ADA,JAKSEL
6500000000,150,275,4,5,ADA,JAKSEL
6500000000,140,270,3,3,ADA,JAKSEL
22000000000,520,300,5,4,ADA,JAKSEL
2850000000,96,102,3,2,ADA,JAKSEL
30000000000,672,900,5,6,ADA,JAKSEL
25000000000,565,350,4,4,ADA,JAKSEL
1250000000,136,120,5,2,TIDAK ADA,JAKSEL
4000000000,194,194,3,3,ADA,JAKSEL
6000000000,141,250,4,4,ADA,JAKSEL
2600000000,154,147,4,3,ADA,JAKSEL
3500000000,135,126,4,3,TIDAK ADA,JAKSEL
3500000000,112,170,3,4,ADA,JAKSEL
12500000000,208,600,4,5,ADA,JAKSEL
3950000000,133,260,5,5,ADA,JAKSEL
2300000000,140,100,3,2,ADA,JAKSEL
4000000000,135,216,5,4,ADA,JAKSEL
29000000000,672,900,5,6,ADA,JAKSEL
37000000000,720,500,5,5,ADA,JAKSEL
8000000000,404,382,6,3,ADA,JAKSEL
5000000000,127,180,4,4,ADA,JAKSEL
7200000000,256,200,5,3,ADA,JAKSEL
17500000000,365,800,5,4,ADA,JAKSEL
14800000000,310,500,4,4,ADA,JAKSEL
3750000000,196,196,7,5,ADA,JAKSEL
6200000000,130,390,7,6,ADA,JAKSEL
4000000000,160,200,5,4,ADA,JAKSEL
6200000000,140,251,5,4,ADA,JAKSEL
8000000000,200,252,4,3,ADA,JAKSEL
8800000000,230,400,5,5,ADA,JAKSEL
3200000000,80,150,5,5,ADA,JAKSEL
18500000000,520,300,4,3,ADA,JAKSEL
18500000000,361,800,5,4,ADA,JAKSEL
2250000000,135,135,4,4,TIDAK ADA,JAKSEL
16000000000,246,140,6,6,ADA,JAKSEL
5999999999,240,240,4,4,ADA,JAKSEL
8555555555,304,304,3,2,ADA,JAKSEL
4600000000,135,215,9,8,ADA,JAKSEL
4700000000,145,222,4,3,ADA,JAKSEL
2500000000,135,165,4,3,ADA,JAKSEL
8500000000,256,260,4,3,ADA,JAKSEL
5100000000,305,200,5,2,ADA,JAKSEL
8000000000,240,330,5,5,ADA,JAKSEL
3975000000,226,325,6,5,ADA,JAKSEL
5800000000,173,340,5,4,ADA,JAKSEL
5500000000,210,420,6,5,ADA,JAKSEL
4500000000,154,120,6,4,ADA,JAKSEL
2700000000,78,94,3,2,ADA,JAKSEL
4300000000,127,180,4,4,ADA,JAKSEL
3700000000,90,150,4,4,ADA,JAKSEL
3800000000,130,200,4,4,ADA,JAKSEL
2600000000,135,200,10,3,ADA,JAKSEL
4200000000,225,400,5,4,ADA,JAKSEL
3600000000,186,200,3,2,TIDAK ADA,JAKSEL
2150000000,104,100,2,1,TIDAK ADA,JAKSEL
2600000000,90,120,3,2,ADA,JAKSEL
22000000000,650,400,7,4,ADA,JAKSEL
8300000000,306,260,4,3,ADA,JAKSEL
2990000000,156,162,5,4,ADA,JAKSEL
3200000000,90,160,3,3,ADA,JAKSEL
2800000000,90,150,4,3,ADA,JAKSEL
7500000000,250,350,5,4,ADA,JAKSEL
6000000000,352,295,6,4,ADA,JAKSEL
13500000000,430,400,9,4,ADA,JAKSEL
5000000000,150,320,7,6,ADA,JAKSEL
6800000000,428,500,6,4,ADA,JAKSEL
4600000000,137,176,5,4,ADA,JAKSEL
7000000000,182,300,4,3,ADA,JAKSEL
3500000000,150,400,5,4,ADA,JAKSEL
35000000000,1400,1000,10,7,ADA,JAKSEL
5300000000,199,195,5,2,ADA,JAKSEL
4000000000,135,216,5,4,ADA,JAKSEL
3500000000,135,190,4,3,ADA,JAKSEL
2400000000,154,147,2,2,TIDAK ADA,JAKSEL
3375000000,120,192,5,4,ADA,JAKSEL
15000000000,400,350,7,4,ADA,JAKSEL
22000000000,405,300,4,4,TIDAK ADA,JAKSEL
14000000000,541,400,5,5,ADA,JAKSEL
23000000000,610,750,6,4,ADA,JAKSEL
7100000000,256,200,6,3,ADA,JAKSEL
6000000000,222,325,6,4,ADA,JAKSEL
4300000000,145,200,3,3,ADA,JAKSEL
3500000000,90,250,3,4,ADA,JAKSEL
6500000000,338,219,5,3,ADA,JAKSEL
7000000000,166,210,6,6,ADA,JAKSEL
6100000000,130,375,6,5,ADA,JAKSEL
4000000000,160,200,5,4,ADA,JAKSEL
8000000000,350,470,7,6,ADA,JAKSEL
10000000000,775,674,4,3,TIDAK ADA,JAKSEL
3700000000,370,400,6,2,TIDAK ADA,JAKSEL
3000000000,120,192,4,3,ADA,JAKSEL
8250000000,290,460,6,5,ADA,JAKSEL
3300000000,179,160,4,2,ADA,JAKSEL
11000000000,400,500,6,3,ADA,JAKSEL
7000000000,166,220,4,4,ADA,JAKSEL
2990000000,156,162,6,4,ADA,JAKSEL
3600000000,135,125,5,3,ADA,JAKSEL
2650000000,202,190,4,2,ADA,JAKSEL
2650000000,202,180,4,2,ADA,JAKSEL
2700000000,122,200,5,3,ADA,JAKSEL
22000000000,520,500,5,4,ADA,JAKSEL
2800000000,98,150,4,3,ADA,JAKSEL
9200000000,700,450,8,5,ADA,JAKSEL
6000000000,250,150,4,4,ADA,JAKSEL
1000000000,128,140,5,3,ADA,JAKSEL
14800000000,310,500,3,3,ADA,JAKSEL
7500000000,280,200,5,5,ADA,JAKSEL
20000000000,547,700,6,5,ADA,JAKSEL
1999000000,133,125,4,2,ADA,JAKSEL
1950000000,130,125,4,2,ADA,JAKSEL
11500000000,208,600,4,5,ADA,JAKSEL
2400000000,154,147,3,2,ADA,JAKSEL
3100000000,90,140,3,2,ADA,JAKSEL
4600000000,184,250,4,3,ADA,JAKSEL
3000000000,135,140,3,2,ADA,JAKSEL
3200000000,86,120,5,4,ADA,JAKSEL
15000000000,400,500,9,6,ADA,JAKSEL
4500000000,140,140,3,2,ADA,JAKSEL
6800000000,290,480,6,3,ADA,JAKSEL
6500000000,338,219,5,3,ADA,JAKSEL
3550000000,352,250,5,1,ADA,JAKSEL
23000000000,498,1000,8,9,ADA,JAKSEL
4200000000,115,220,4,3,TIDAK ADA,JAKSEL
9000000000,162,250,4,3,ADA,JAKSEL
12000000000,404,385,4,3,TIDAK ADA,JAKSEL
12000000000,198,350,7,5,ADA,JAKSEL
22000000000,852,600,5,5,ADA,JAKSEL
3500000000,190,300,6,6,ADA,JAKSEL
15000000000,385,200,5,5,TIDAK ADA,JAKSEL
3850000000,224,160,4,3,ADA,JAKSEL
9800000000,319,759,4,4,ADA,JAKSEL
8900000000,300,300,5,4,ADA,JAKSEL
4700000000,102,280,4,3,ADA,JAKSEL
3050000000,89,173,3,4,ADA,JAKSEL
5750000000,121,250,4,4,ADA,JAKSEL
4500000000,110,250,4,3,ADA,JAKSEL
28000000000,498,750,5,5,ADA,JAKSEL
6500000000,205,117,5,4,TIDAK ADA,JAKSEL
13000000000,400,500,6,3,ADA,JAKSEL
25000000000,565,350,5,5,ADA,JAKSEL
7300000000,325,500,5,5,ADA,JAKSEL
2900000000,135,125,5,2,ADA,JAKSEL
8000000000,278,278,7,3,ADA,JAKSEL
6250000000,180,240,7,5,TIDAK ADA,JAKSEL
8750000000,322,300,4,4,ADA,JAKSEL
5500000000,140,360,4,4,ADA,JAKSEL
16500000000,550,700,6,6,ADA,JAKSEL
1100000000,300,63,3,1,ADA,JAKSEL
15000000000,700,700,5,3,ADA,JAKSEL
6900000000,125,250,3,2,ADA,JAKSEL
7500000000,280,500,5,4,ADA,JAKSEL
5800000000,141,220,4,4,ADA,JAKSEL
14500000000,307,400,3,3,ADA,JAKSEL
4500000000,146,200,4,4,ADA,JAKSEL
17000000000,550,600,5,6,ADA,JAKSEL
2950000000,134,150,3,2,ADA,JAKSEL
3000000000,150,150,3,2,ADA,JAKSEL
2000000000,90,80,2,1,ADA,JAKSEL
25000000000,565,350,5,5,ADA,JAKSEL
8500000000,325,300,5,3,ADA,JAKSEL
7000000000,220,280,4,3,ADA,JAKSEL
9800000000,350,400,4,5,ADA,JAKSEL
3000000000,90,150,3,2,ADA,JAKSEL
5500000000,250,200,4,3,ADA,JAKSEL
4850000000,265,300,4,3,TIDAK ADA,JAKSEL
3200000000,135,150,5,2,ADA,JAKSEL
25000000000,619,1080,5,6,ADA,JAKSEL
6700000000,130,390,7,6,ADA,JAKSEL
17000000000,606,360,8,3,ADA,JAKSEL
31000000000,670,1000,6,5,ADA,JAKSEL
9200000000,695,650,6,8,ADA,JAKSEL
6900000000,160,250,3,4,ADA,JAKSEL
3800000000,145,250,8,8,TIDAK ADA,JAKSEL
3600000000,139,120,5,3,ADA,JAKSEL
1700000000,90,80,2,2,ADA,JAKSEL
2900000000,126,133,3,2,ADA,JAKSEL
1900000000,90,120,3,2,ADA,JAKSEL
17000000000,608,390,9,3,ADA,JAKSEL
7000000000,428,500,6,6,ADA,JAKSEL
3300000000,145,200,8,8,ADA,JAKSEL
7150000000,162,250,4,3,ADA,JAKSEL
8500000000,306,283,5,4,ADA,JAKSEL
600000000,30,60,2,1,TIDAK ADA,JAKSEL
17000000000,310,450,4,4,ADA,JAKSEL
2750000000,100,121,4,3,ADA,JAKSEL
3000000000,124,224,3,3,ADA,JAKSEL
6500000000,200,300,5,4,ADA,JAKSEL
5900000000,311,272,4,4,ADA,JAKSEL
2400000000,154,147,3,2,TIDAK ADA,JAKSEL
4800000000,226,325,4,4,ADA,JAKSEL
6500000000,180,250,8,5,ADA,JAKSEL
6500000000,181,250,8,6,ADA,JAKSEL
3195000000,135,150,3,3,ADA,JAKSEL
5000000000,150,320,7,6,ADA,JAKSEL
10000000000,230,380,6,4,TIDAK ADA,JAKSEL
2200000000,95,226,5,3,ADA,JAKSEL
29000000000,670,1000,5,5,ADA,JAKSEL
14800000000,310,500,4,4,ADA,JAKSEL
2700000000,72,72,4,4,TIDAK ADA,JAKSEL
3000000000,139,100,3,2,ADA,JAKSEL
6500000000,180,250,8,5,ADA,JAKSEL
7500000000,200,180,5,4,ADA,JAKSEL
5000000000,217,250,3,3,ADA,JAKSEL
3250000000,153,300,8,7,ADA,JAKSEL
3300000000,130,200,9,3,ADA,JAKSEL
4500000000,180,200,4,3,ADA,JAKSEL
7200000000,161,250,3,3,ADA,JAKSEL
2800000000,102,150,3,3,ADA,JAKSEL
4500000000,96,250,5,4,ADA,JAKSEL
2700000000,130,100,5,2,ADA,JAKSEL
9500000000,189,250,4,3,ADA,JAKSEL
5500000000,107,147,6,4,ADA,JAKSEL
23000000000,610,750,8,6,ADA,JAKSEL
1500000000,90,120,3,2,ADA,JAKSEL
7000000000,428,500,8,6,ADA,JAKSEL
3500000000,170,210,5,3,ADA,JAKSEL
4950000000,110,225,5,4,ADA,JAKSEL
30000000000,498,800,5,5,ADA,JAKSEL
1980000000,72,164,4,2,ADA,JAKSEL
6500000000,125,250,3,3,ADA,JAKSEL
3500000000,150,178,3,2,ADA,JAKSEL
1800000000,90,105,3,2,ADA,JAKSEL
13000000000,248,350,4,4,ADA,JAKSEL
3100000000,156,225,4,3,ADA,JAKSEL
4750000000,137,180,4,4,ADA,JAKSEL
2599000000,90,160,4,2,ADA,JAKSEL
6250000000,320,200,4,3,ADA,JAKSEL
3000000000,135,150,3,1,ADA,JAKSEL
6550000000,270,350,5,4,ADA,JAKSEL
5000000000,150,320,7,6,ADA,JAKSEL
16000000000,330,525,4,4,ADA,JAKSEL
23000000000,610,750,8,6,ADA,JAKSEL
7100000256,265,200,6,3,ADA,JAKSEL
2300000000,135,144,4,2,ADA,JAKSEL
7500000000,428,500,6,4,ADA,JAKSEL
5500000000,205,410,4,4,ADA,JAKSEL
2300000000,132,150,4,3,ADA,JAKSEL
15000000000,387,237,5,4,ADA,JAKSEL
3500000000,90,140,3,3,ADA,JAKSEL
5900000000,107,140,3,3,ADA,JAKSEL
3000000000,90,62,5,3,TIDAK ADA,JAKSEL
30000000000,703,500,8,4,ADA,JAKSEL
2900000000,137,120,5,2,ADA,JAKSEL
6000000000,220,350,5,5,ADA,JAKSEL
18000000000,251,200,5,3,ADA,JAKSEL
5500000000,107,147,6,4,ADA,JAKSEL
3700000000,180,350,4,3,ADA,JAKSEL
6250000000,150,150,3,3,ADA,JAKSEL
3700000000,139,150,5,3,ADA,JAKSEL
7300000000,325,300,5,4,ADA,JAKSEL
6950000000,190,150,4,4,ADA,JAKSEL
3400000000,110,190,5,6,ADA,JAKSEL
3300000000,90,120,3,3,ADA,JAKSEL
42000000000,624,600,3,3,ADA,JAKSEL
2700000000,88,170,5,4,TIDAK ADA,JAKSEL
6700000000,130,390,4,5,ADA,JAKSEL
12000000000,312,400,4,4,ADA,JAKSEL
1500000000,170,200,7,2,TIDAK ADA,JAKSEL
2350000000,130,130,4,3,ADA,JAKSEL
3400000000,139,100,6,4,ADA,JAKSEL
3000000000,150,200,5,4,ADA,JAKSEL
5000000000,150,328,7,6,ADA,JAKSEL
4000000000,154,250,6,3,ADA,JAKSEL
2300000000,54,107,3,2,ADA,JAKSEL
4500000000,180,230,4,4,ADA,JAKSEL
4400000000,195,200,7,2,ADA,JAKSEL
4500000000,179,150,3,2,ADA,JAKSEL
2800000000,130,100,3,2,ADA,JAKSEL
3800000000,239,178,4,3,ADA,JAKSEL
15000000000,475,450,5,5,ADA,JAKSEL
3500000000,101,135,4,2,ADA,JAKSEL
5500000000,270,170,6,3,ADA,JAKSEL
2900000000,139,100,3,2,ADA,JAKSEL
10000000000,400,600,4,3,TIDAK ADA,JAKSEL
4340000000,124,100,3,2,ADA,JAKSEL
25000000000,535,353,10,10,ADA,JAKSEL
2900000000,60,150,4,4,ADA,JAKSEL
3200000000,92,150,4,4,ADA,JAKSEL
6500000000,311,272,5,5,TIDAK ADA,JAKSEL
3500000000,172,210,5,2,ADA,JAKSEL
25000000000,485,550,4,4,ADA,JAKSEL
7500000000,315,250,3,3,ADA,JAKSEL
2950000000,133,135,4,3,ADA,JAKSEL
5500000000,326,225,7,2,TIDAK ADA,JAKSEL
9000000000,305,350,5,5,ADA,JAKSEL
2500000000,135,120,4,2,ADA,JAKSEL
3100000000,90,172,4,3,ADA,JAKSEL
3500000000,231,200,4,3,ADA,JAKSEL
12000000000,312,480,4,2,ADA,JAKSEL
7000000000,187,330,7,4,ADA,JAKSEL
6500000000,150,148,4,3,ADA,JAKSEL
4500000000,148,200,4,3,ADA,JAKSEL
7000000000,253,180,3,2,ADA,JAKSEL
2300000000,77,140,4,3,ADA,JAKSEL
8750000000,200,250,5,4,ADA,JAKSEL
8800000000,230,400,5,5,ADA,JAKSEL
3800000000,186,250,4,3,TIDAK ADA,JAKSEL
13000000000,208,600,4,5,ADA,JAKSEL
1800000000,84,90,3,2,TIDAK ADA,JAKSEL
13500000000,278,350,6,4,TIDAK ADA,JAKSEL
7100000000,241,280,5,4,ADA,JAKSEL
8500000000,385,200,5,5,TIDAK ADA,JAKSEL
3000000000,150,139,3,3,ADA,JAKSEL
3600000000,135,150,5,3,ADA,JAKSEL
22000000000,619,700,5,4,ADA,JAKSEL
750000000,78,100,3,1,TIDAK ADA,JAKSEL
22000000000,448,350,6,7,ADA,JAKSEL
3500000000,118,160,4,4,ADA,JAKSEL
8500000000,240,245,3,5,ADA,JAKSEL
25000000000,485,550,5,5,ADA,JAKSEL
1600000000,90,150,3,2,ADA,JAKSEL
5500000000,311,424,5,4,ADA,JAKSEL
8000000000,306,260,5,4,ADA,JAKSEL
12500000000,312,480,4,2,ADA,JAKSEL
7500000000,220,350,4,5,ADA,JAKSEL
3000000000,110,300,4,3,ADA,JAKSEL
15000000000,260,300,4,3,ADA,JAKSEL
3900000000,135,220,4,4,ADA,JAKSEL
6000000000,203,210,5,3,ADA,JAKSEL
18000000000,450,200,5,3,ADA,JAKSEL
3000000000,90,150,4,5,ADA,JAKSEL
5000000000,107,180,6,5,ADA,JAKSEL
850000000,56,56,4,2,TIDAK ADA,JAKSEL
2500000000,135,140,4,3,ADA,JAKSEL
21000000000,520,350,5,4,ADA,JAKSEL
2900000000,120,150,2,2,TIDAK ADA,JAKSEL
12500000000,208,600,4,5,ADA,JAKSEL
3000000000,140,160,4,3,ADA,JAKSEL
30000000000,703,500,7,4,ADA,JAKSEL
4750000000,150,200,5,5,ADA,JAKSEL
6900000000,268,400,5,4,ADA,JAKSEL
10000000000,368,300,4,4,ADA,JAKSEL
6700000000,125,250,3,3,ADA,JAKSEL
9000000000,300,350,4,4,TIDAK ADA,JAKSEL
2800000000,110,200,4,3,ADA,JAKSEL
3000000000,135,180,5,4,ADA,JAKSEL
4100000000,110,220,4,3,ADA,JAKSEL
30000000000,750,498,6,6,TIDAK ADA,JAKSEL
3500000000,149,162,4,2,ADA,JAKSEL
35000000000,700,800,6,7,ADA,JAKSEL
22000000000,776,776,4,3,ADA,JAKSEL
30000000000,498,800,6,6,ADA,JAKSEL
2000000000,148,128,4,3,ADA,JAKSEL
25000000000,485,550,5,4,ADA,JAKSEL
9500000000,386,380,7,4,ADA,JAKSEL
4600000000,151,250,5,3,ADA,JAKSEL
6000000000,221,168,5,3,ADA,JAKSEL
2350000000,80,160,4,3,ADA,JAKSEL
2600000000,84,140,3,2,ADA,JAKSEL
9000000000,287,300,4,3,ADA,JAKSEL
2600000000,90,150,3,2,ADA,JAKSEL
12000000000,270,470,5,4,ADA,JAKSEL
2700000000,78,90,3,2,TIDAK ADA,JAKSEL
14500000000,208,600,4,4,ADA,JAKSEL
3750000000,180,127,4,4,ADA,JAKSEL
6000000000,225,325,7,5,ADA,JAKSEL
7500000000,253,150,5,2,TIDAK ADA,JAKSEL
5200000000,260,300,7,3,ADA,JAKSEL
4900000000,266,250,3,2,ADA,JAKSEL
17500000000,724,750,4,2,ADA,JAKSEL
10900000000,428,646,5,5,ADA,JAKSEL
9000000000,388,300,4,3,ADA,JAKSEL
6500000000,221,168,5,2,ADA,JAKSEL
25000000000,1000,600,10,10,ADA,JAKSEL
6000000000,150,300,5,4,ADA,JAKSEL
3300000000,90,120,4,4,ADA,JAKSEL
1100000000,50,100,2,1,TIDAK ADA,JAKSEL
5000000000,205,410,3,3,ADA,JAKSEL
2500000000,150,100,3,2,TIDAK ADA,JAKSEL
3500000000,118,160,4,4,ADA,JAKSEL
3000000000,90,160,4,3,ADA,JAKSEL
3300000000,110,180,4,4,ADA,JAKSEL
4400000000,130,250,4,3,ADA,JAKSEL
4250000000,150,200,5,3,ADA,JAKSEL
11000000000,305,275,5,3,ADA,JAKSEL
3000000000,90,120,4,4,ADA,JAKSEL
2500000000,88,140,4,3,TIDAK ADA,JAKSEL
8800000000,205,150,5,2,ADA,JAKSEL
5500000000,248,300,5,4,ADA,JAKSEL
2200000000,100,160,3,2,ADA,JAKSEL
6000000000,170,250,5,5,ADA,JAKSEL
7000000000,240,300,4,3,ADA,JAKSEL
10500000000,345,500,6,4,ADA,JAKSEL
3500000000,140,335,5,4,TIDAK ADA,JAKSEL
6000000000,210,350,5,5,ADA,JAKSEL
3800000000,130,150,3,2,ADA,JAKSEL
5500000000,140,250,5,3,ADA,JAKSEL
2500000000,122,200,4,2,ADA,JAKSEL
7500000000,290,480,5,3,ADA,JAKSEL
6800000000,130,375,4,5,ADA,JAKSEL
12500000000,312,480,4,3,ADA,JAKSEL
9500000000,368,300,5,4,ADA,JAKSEL
6000000000,200,150,5,4,ADA,JAKSEL
3500000000,130,240,5,6,ADA,JAKSEL
9000000000,305,350,4,4,ADA,JAKSEL
8000000000,178,350,8,6,ADA,JAKSEL
20000000000,660,440,9,5,ADA,JAKSEL
9700000000,248,450,5,6,ADA,JAKSEL
3600000000,130,100,3,3,TIDAK ADA,JAKSEL
4200000000,120,180,4,3,ADA,JAKSEL
9000000000,240,350,6,4,ADA,JAKSEL
950000000,92,130,4,2,TIDAK ADA,JAKSEL
16450000000,550,700,6,6,TIDAK ADA,JAKSEL
7500000000,360,320,7,4,TIDAK ADA,JAKSEL
8700000000,265,375,5,4,ADA,JAKSEL
3500000000,150,230,5,4,ADA,JAKSEL
25000000000,932,400,7,5,ADA,JAKSEL
13000000000,370,800,6,5,ADA,JAKSEL
3750000000,150,120,2,2,ADA,JAKSEL
10000000000,750,450,8,6,ADA,JAKSEL
1600000000,80,80,4,3,ADA,JAKSEL
4500000000,146,320,5,5,ADA,JAKSEL
13500000000,256,235,3,2,ADA,JAKSEL
2000000000,90,100,3,2,ADA,JAKSEL
9000000000,234,211,7,5,ADA,JAKSEL
5800000000,170,280,5,4,ADA,JAKSEL
3200000000,135,160,4,3,ADA,JAKSEL
2400000000,147,154,3,2,ADA,JAKSEL
6750000000,210,350,4,4,ADA,JAKSEL
2400000000,101,75,2,1,ADA,JAKSEL
3100000000,95,150,3,3,ADA,JAKSEL
11000000000,384,399,4,4,TIDAK ADA,JAKSEL
28000000000,703,500,8,4,ADA,JAKSEL
650000000,55,50,2,1,TIDAK ADA,JAKSEL
5750000000,240,350,7,5,TIDAK ADA,JAKSEL
2800000000,90,150,3,3,ADA,JAKSEL
3200000000,90,170,4,4,TIDAK ADA,JAKSEL
23000000000,610,750,8,6,TIDAK ADA,JAKSEL
1600000000,80,80,4,3,TIDAK ADA,JAKSEL
2400000000,130,100,4,2,ADA,JAKSEL
6000000000,260,450,7,4,TIDAK ADA,JAKSEL
4500000000,106,251,4,3,ADA,JAKSEL
3000000000,200,200,4,3,TIDAK ADA,JAKSEL
2100000000,162,162,3,3,ADA,JAKSEL
5800000000,141,180,4,3,ADA,JAKSEL
9300000000,386,385,6,4,ADA,JAKSEL
2000000000,100,130,3,2,ADA,JAKSEL
35000000000,600,400,5,3,ADA,JAKSEL
4000000000,140,200,4,3,ADA,JAKSEL
6500000000,180,250,8,4,ADA,JAKSEL
2850000000,135,160,3,2,ADA,JAKSEL
6800000000,200,300,5,5,ADA,JAKSEL
3500000000,112,150,3,4,ADA,JAKSEL
3500000000,110,160,4,4,ADA,JAKSEL
10500000000,457,800,7,5,ADA,JAKSEL
12500000009,312,480,6,4,ADA,JAKSEL
5500000000,250,265,4,3,ADA,JAKSEL
5700000000,162,250,4,4,ADA,JAKSEL
26000000000,485,550,4,3,ADA,JAKSEL
3000000000,160,90,5,4,ADA,JAKSEL
9500000000,380,385,5,4,ADA,JAKSEL
3750000000,110,160,3,3,ADA,JAKSEL
3600000000,340,150,6,4,TIDAK ADA,JAKSEL
6500000000,89,170,3,3,ADA,JAKSEL
7500000000,325,300,5,4,ADA,JAKSEL
2500000000,60,120,3,4,ADA,JAKSEL
3900000000,130,200,5,4,ADA,JAKSEL
16000000000,310,450,5,5,ADA,JAKSEL
18000000000,538,300,5,5,TIDAK ADA,JAKSEL
18500000000,360,330,7,7,TIDAK ADA,JAKSEL
3999999999,130,200,4,3,ADA,JAKSEL
5800000000,141,170,4,3,ADA,JAKSEL
3900000000,100,170,5,3,ADA,JAKSEL
3100000000,103,180,3,3,ADA,JAKSEL
3000000000,139,150,3,3,ADA,JAKSEL
14000000000,393,440,6,6,ADA,JAKSEL
13500000000,394,352,6,4,ADA,JAKSEL
4000000000,135,200,4,3,ADA,JAKSEL
3500000000,90,120,3,2,ADA,JAKSEL
4300000000,180,300,5,4,ADA,JAKSEL
3900000000,154,180,4,3,ADA,JAKSEL
19000000512,361,800,5,5,ADA,JAKSEL
2750000000,91,210,5,4,ADA,JAKSEL
2900000000,134,175,5,2,ADA,JAKSEL
9500000000,345,500,8,5,ADA,JAKSEL
23000000000,987,700,4,4,ADA,JAKSEL
21000000000,547,700,4,4,ADA,JAKSEL
2600000000,90,150,3,2,TIDAK ADA,JAKSEL
4000000000,220,200,7,3,ADA,JAKSEL
22900000000,650,700,3,3,ADA,JAKSEL
4000000000,105,180,5,4,ADA,JAKSEL
3200000000,86,137,4,2,ADA,JAKSEL
2600000000,93,160,4,4,ADA,JAKSEL
6300000000,180,250,4,3,ADA,JAKSEL
3400000000,110,160,3,3,ADA,JAKSEL
3250000000,90,200,4,3,ADA,JAKSEL
3000000000,95,150,4,4,ADA,JAKSEL
4100000000,155,180,4,3,ADA,JAKSEL
6500000000,160,130,4,1,ADA,JAKSEL
1800000000,100,90,2,1,TIDAK ADA,JAKSEL
3500000000,135,150,4,3,ADA,JAKSEL
2100000000,126,100,2,2,ADA,JAKSEL
3000000000,125,200,2,2,ADA,JAKSEL
2150000000,135,128,3,2,ADA,JAKSEL
3000000000,90,200,3,2,ADA,JAKSEL
3250000000,104,120,4,3,ADA,JAKSEL
1750000000,90,85,2,1,ADA,JAKSEL
1500000000,170,200,7,2,TIDAK ADA,JAKSEL
3800000000,145,200,8,8,ADA,JAKSEL
2500000000,100,120,3,2,ADA,JAKSEL
4200000000,206,250,5,4,ADA,JAKSEL
1100000000,70,70,2,1,TIDAK ADA,JAKSEL
950000000,60,100,3,1,TIDAK ADA,JAKSEL
4500000000,90,128,3,3,ADA,JAKSEL
7000000000,110,150,4,3,ADA,JAKSEL
600000000,30,60,2,2,TIDAK ADA,JAKSEL
2600000000,140,100,3,2,ADA,JAKSEL
9000000000,550,450,10,10,ADA,JAKSEL
4000000000,140,160,4,3,ADA,JAKSEL
4000000000,230,139,4,4,ADA,JAKSEL
19000000000,606,360,7,4,TIDAK ADA,JAKSEL
10500000000,430,420,7,4,ADA,JAKSEL
